datetime,nb_total_net_buy,nb_total_buy,nb_total_sell
2014-11-17,120.8233,120.8233,
2014-11-18,47.1967,49.4367,2.24
2014-11-19,24.9677,26.695100000000004,1.7274
2014-11-20,21.4194,23.0973,1.6779
2014-11-21,21.9953,24.305500000000002,2.3102
2014-11-24,58.5647,61.3922,2.8275
2014-11-25,27.500300000000003,31.3221,3.8218
2014-11-26,31.9261,35.1521,3.2260000000000004
2014-11-27,28.6866,33.3504,4.6638
2014-11-28,22.4622,30.1424,7.6802
2014-12-01,13.178199999999999,37.8762,24.698
2014-12-02,31.153299999999998,42.1425,10.9892
2014-12-03,36.849000000000004,60.4958,23.6468
2014-12-04,33.5898,46.2754,12.685599999999999
2014-12-05,24.495700000000003,59.8429,35.3472
2014-12-08,14.1599,48.168800000000005,34.0089
2014-12-09,10.241900000000001,56.3163,46.0744
2014-12-10,18.3643,43.867399999999996,25.5031
2014-12-11,9.1477,26.5117,17.364
2014-12-12,16.924500000000002,33.965,17.040499999999998
2014-12-15,9.3615,22.238200000000003,12.876700000000001
2014-12-16,12.2584,27.7236,15.4652
2014-12-17,4.8908,35.7324,30.8416
2014-12-18,18.2988,34.4856,16.1868
2014-12-19,8.6222,29.3961,20.773899999999998
2014-12-22,13.238299999999999,39.536100000000005,26.297800000000002
2014-12-23,5.8668,30.025199999999998,24.1584
2014-12-29,6.6912,34.5154,27.8242
2014-12-30,-6.9615,14.2477,21.2092
2014-12-31,-0.2084,21.331999999999997,21.540399999999998
2015-01-05,20.0227,40.006,19.9833
2015-01-06,-0.23149999999999998,32.4049,32.6364
2015-01-07,3.4208,20.434,17.013199999999998
2015-01-08,0.5783,22.3142,21.7359
2015-01-09,14.5318,34.700700000000005,20.1689
2015-01-12,-12.7347,21.6452,34.3799
2015-01-13,-2.5069,15.7269,18.233800000000002
2015-01-14,5.938400000000001,21.8187,15.8803
2015-01-15,7.0523,27.9148,20.8625
2015-01-16,1.2676,24.7815,23.5139
2015-01-19,-3.4306,26.191300000000002,29.6219
2015-01-20,21.4523,49.3584,27.906100000000002
2015-01-21,19.256600000000002,45.802600000000005,26.546
2015-01-22,1.5143,27.8655,26.3512
2015-01-23,2.6151999999999997,27.2363,24.621100000000002
2015-01-26,3.9633999999999996,17.520599999999998,13.5572
2015-01-27,9.0335,27.0214,17.9879
2015-01-28,11.4192,23.0297,11.6105
2015-01-29,9.7546,32.7513,22.9967
2015-01-30,0.2959,17.5168,17.2209
2015-02-02,1.7846000000000002,24.1153,22.3307
2015-02-03,27.0,36.7981,9.7981
2015-02-04,10.960999999999999,21.0827,10.121699999999999
2015-02-05,28.332800000000002,50.5751,22.2423
2015-02-06,1.6066,24.212600000000002,22.605999999999998
2015-02-09,11.183900000000001,25.674,14.4901
2015-02-10,16.290499999999998,27.2998,11.009300000000001
2015-02-11,13.8157,27.0725,13.2568
2015-02-12,11.598199999999999,26.2214,14.623199999999999
2015-02-13,19.144000000000002,33.200500000000005,14.056500000000002
2015-02-16,1.2378,20.313399999999998,19.075599999999998
2015-02-17,2.2129,14.4517,12.238800000000001
2015-02-25,10.1148,32.524,22.409200000000002
2015-02-26,-4.5268,29.095399999999998,33.6222
2015-02-27,6.7247,23.566999999999997,16.8423
2015-03-02,7.4556,32.076100000000004,24.620500000000003
2015-03-03,0.9386,21.221700000000002,20.2831
2015-03-04,3.0537,20.423099999999998,17.3694
2015-03-05,6.419,25.092,18.673
2015-03-06,3.897,16.4076,12.5106
2015-03-09,5.8871,22.057399999999998,16.1703
2015-03-10,0.5295000000000001,16.9405,16.410999999999998
2015-03-11,8.7582,26.6629,17.904700000000002
2015-03-12,15.8187,38.5351,22.7164
2015-03-13,15.84,34.2301,18.3901
2015-03-16,13.7416,31.1706,17.429000000000002
2015-03-17,21.1135,46.788900000000005,25.6754
2015-03-18,15.9056,42.346599999999995,26.441
2015-03-19,0.616,38.8036,38.1876
2015-03-20,11.4111,49.8987,38.4876
2015-03-23,18.6604,53.922399999999996,35.262
2015-03-24,-16.462,44.098,60.56
2015-03-25,-0.3109,39.539,39.8499
2015-03-26,-10.1401,35.8397,45.9798
2015-03-27,1.0671,29.5298,28.462699999999998
2015-03-30,-12.501800000000001,37.3654,49.867200000000004
2015-03-31,-13.908900000000001,33.5943,47.5032
2015-04-01,-0.1437,31.8581,32.001799999999996
2015-04-08,-40.210100000000004,45.783100000000005,85.9932
2015-04-09,-50.818999999999996,34.515100000000004,85.33409999999999
2015-04-10,-8.8493,32.549299999999995,41.398599999999995
2015-04-13,9.31250000000001,42.6422,33.329699999999995
2015-04-14,4.2818000000000005,37.8921,33.6103
2015-04-15,10.293299999999999,43.6049,33.3116
2015-04-16,15.7445,45.3188,29.574299999999997
2015-04-17,15.965399999999999,58.9429,42.9775
2015-04-20,-11.4778,51.156000000000006,62.6338
2015-04-21,13.8645,41.7054,27.8409
2015-04-22,7.01129999999999,49.381899999999995,42.3706
2015-04-23,-7.3913,35.4199,42.8112
2015-04-24,0.2955,37.7411,37.4456
2015-04-27,10.648599999999998,52.257,41.6084
2015-04-28,-2.6124,41.475100000000005,44.0875
2015-04-29,2.7586,42.2341,39.475500000000004
2015-04-30,-4.4357999999999995,33.2018,37.6376
2015-05-04,0.4386,29.6131,29.1745
2015-05-05,7.773300000000001,39.3905,31.617199999999997
2015-05-06,4.1623,44.2934,40.1311
2015-05-07,25.631700000000002,48.7505,23.1188
2015-05-08,7.653200000000001,34.3356,26.682399999999998
2015-05-11,-0.763,33.132600000000004,33.8956
2015-05-12,-4.0679,32.249,36.316900000000004
2015-05-13,-4.0242,31.9278,35.952
2015-05-14,-1.8602,22.485,24.3452
2015-05-15,5.0123,32.2133,27.201
2015-05-18,11.020299999999999,30.8995,19.8792
2015-05-19,20.0327,38.388600000000004,18.3559
2015-05-20,27.7194,54.6651,26.945700000000002
2015-05-21,18.2344,48.5272,30.292800000000003
2015-05-26,34.1038,106.9428,72.839
2015-05-27,1.8295000000000101,60.008900000000004,58.179399999999994
2015-05-28,-31.748800000000003,57.711000000000006,89.4598
2015-05-29,21.1066,78.3511,57.244499999999995
2015-06-01,17.1735,63.412,46.2385
2015-06-02,2.2936,56.2808,53.9872
2015-06-03,0.3155,62.396800000000006,62.0813
2015-06-04,-10.937100000000001,56.194399999999995,67.1315
2015-06-05,-13.8974,42.699,56.5964
2015-06-08,-12.9,51.9547,64.85470000000001
2015-06-09,-15.288,46.4054,61.693400000000004
2015-06-10,14.0119,55.2272,41.2153
2015-06-11,-10.455499999999999,42.227799999999995,52.6833
2015-06-12,13.087200000000001,56.983999999999995,43.896800000000006
2015-06-15,-12.539000000000001,44.54,57.07899999999999
2015-06-16,-0.44700000000001,42.624399999999994,43.071400000000004
2015-06-17,-10.6985,32.7529,43.45140000000001
2015-06-18,5.444299999999999,35.0499,29.6056
2015-06-19,77.3166,113.156,35.8394
2015-06-23,68.36359999999999,130.8816,62.518
2015-06-24,-31.655700000000003,52.103699999999996,83.7594
2015-06-25,-36.3212,43.051899999999996,79.37310000000001
2015-06-26,31.202399999999997,68.6414,37.439
2015-06-29,-15.134,68.9557,84.0897
2015-07-02,27.08,81.9965,54.9165
2015-07-03,69.7986,120.3635,50.564899999999994
2015-07-06,-135.2322,49.3241,184.55630000000002
2015-07-07,-103.5783,52.9412,156.5195
2015-07-08,-66.2613,38.2464,104.5077
2015-07-09,-37.5711,35.42,72.9911
2015-07-10,-28.508200000000002,27.633499999999998,56.1417
2015-07-13,-23.018600000000003,31.1813,54.1999
2015-07-14,-15.722000000000001,34.3377,50.0597
2015-07-15,-3.3362,28.254,31.5902
2015-07-16,-5.2989999999999995,20.581,25.88
2015-07-17,1.9485,25.414,23.465500000000002
2015-07-20,-3.7824,25.2049,28.9873
2015-07-21,-6.7101999999999995,19.1563,25.866500000000002
2015-07-22,-6.2339,22.215300000000003,28.4492
2015-07-23,3.3360000000000003,26.4883,23.1523
2015-07-24,-0.6615000000000001,25.8162,26.4777
2015-07-27,-1.5371000000000001,25.7621,27.2992
2015-07-28,24.5827,66.9816,42.398900000000005
2015-07-29,-6.4486,26.2082,32.6568
2015-07-30,-2.0587,19.0305,21.0892
2015-07-31,4.2726999999999995,21.3927,17.12
2015-08-03,-21.991500000000002,14.5029,36.4944
2015-08-04,-3.6768,18.4283,22.105100000000004
2015-08-05,0.0591,17.0671,17.008
2015-08-06,2.0893,13.066500000000001,10.9772
2015-08-07,7.7587,20.263099999999998,12.5044
2015-08-10,1.7668000000000001,22.3819,20.6151
2015-08-11,6.5727,26.4084,19.8357
2015-08-12,-2.0065,23.0658,25.0723
2015-08-13,1.6698,19.586199999999998,17.9164
2015-08-14,-0.22219999999999998,20.4241,20.6463
2015-08-17,-5.8436,13.3525,19.196099999999998
2015-08-18,-4.8258,18.9054,23.731199999999998
2015-08-19,0.1653,24.485,24.319699999999997
2015-08-20,-8.3861,13.431600000000001,21.8177
2015-08-21,-9.2285,20.539699999999996,29.7682
2015-08-24,81.48819999999999,103.4831,21.994899999999998
2015-08-25,79.81439999999999,101.5567,21.7423
2015-08-26,73.9709,102.4147,28.4438
2015-08-27,47.127700000000004,67.204,20.0763
2015-08-28,-25.491999999999997,28.6833,54.1753
2015-08-31,-6.4947,21.460700000000003,27.9554
2015-09-01,-12.890999999999998,22.904600000000002,35.7956
2015-09-02,-30.4361,24.610599999999998,55.0467
2015-09-07,-1.7682,21.629499999999997,23.3977
2015-09-08,43.788599999999995,58.6536,14.865
2015-09-09,-29.8587,29.1152,58.9739
2015-09-10,29.083000000000002,40.037,10.954
2015-09-11,-0.6945,12.566300000000002,13.2608
2015-09-14,-7.204,12.446800000000001,19.6508
2015-09-15,10.3902,22.355999999999998,11.9658
2015-09-16,17.2541,27.9734,10.7193
2015-09-17,3.4549000000000003,17.0259,13.571
2015-09-18,23.8367,39.5326,15.6959
2015-09-21,5.494299999999999,19.6023,14.107999999999999
2015-09-22,-1.3232,19.1397,20.4629
2015-09-23,-13.0712,13.384500000000001,26.4557
2015-09-24,-9.4042,13.8034,23.207600000000003
2015-09-29,-15.3764,11.2454,26.621799999999997
2015-09-30,3.2662,10.6281,7.3619
2015-10-08,37.3463,53.5984,16.2521
2015-10-09,17.0427,23.0836,6.040900000000001
2015-10-12,-1.9865000000000002,27.893800000000002,29.880300000000002
2015-10-13,-4.1034,18.4609,22.5643
2015-10-14,-9.118,8.827,17.945
2015-10-15,3.5141000000000004,21.980999999999998,18.4669
2015-10-16,-7.0339,24.8143,31.848200000000002
2015-10-19,-2.5970999999999997,21.156799999999997,23.753899999999998
2015-10-22,-13.763699999999998,24.5069,38.2706
2015-10-23,-10.4818,20.4313,30.9131
2015-10-26,-12.2336,18.8236,31.057199999999998
2015-10-27,-2.2697,24.3594,26.629099999999998
2015-10-28,-11.3421,18.4163,29.7584
2015-10-29,-15.7742,11.9536,27.727800000000002
2015-10-30,-12.0101,13.828199999999999,25.8383
2015-11-02,-10.6042,12.4273,23.0315
2015-11-03,-9.648200000000001,13.4093,23.0575
2015-11-04,-23.061799999999998,17.7376,40.7994
2015-11-05,-39.4646,25.009,64.47359999999999
2015-11-06,-17.0212,24.385900000000003,41.4071
2015-11-09,-14.4373,32.3191,46.756400000000006
2015-11-10,-27.1369,26.1925,53.32939999999999
2015-11-11,-27.920900000000003,17.5334,45.4543
2015-11-12,-16.2195,15.513499999999999,31.733
2015-11-13,-2.9679,19.1581,22.125999999999998
2015-11-16,-1.8013,19.9177,21.719
2015-11-17,-4.3578,21.194699999999997,25.5525
2015-11-18,-2.1648,18.0819,20.2467
2015-11-19,-2.6557999999999997,15.4231,18.0789
2015-11-20,-1.6353,18.8291,20.4644
2015-11-23,-2.4533,13.373800000000001,15.8271
2015-11-24,1.541,14.581700000000001,13.0407
2015-11-25,-1.127,14.643099999999999,15.7701
2015-11-26,4.5078,16.771900000000002,12.264100000000001
2015-11-27,1.5917,17.1931,15.601400000000002
2015-11-30,31.5765,48.422,16.8455
2015-12-01,6.2839,18.811500000000002,12.5276
2015-12-02,-5.9244,19.8324,25.7568
2015-12-03,-10.901800000000001,15.030999999999999,25.9328
2015-12-04,-6.4671,12.659600000000001,19.1267
2015-12-07,-1.7904,11.1298,12.9202
2015-12-08,-6.6967,9.5539,16.2506
2015-12-09,1.6425999999999998,13.2276,11.585
2015-12-10,-4.8474,12.4517,17.2991
2015-12-11,-3.7662,11.268699999999999,15.0349
2015-12-14,-5.2791,11.4723,16.7514
2015-12-15,2.1049,13.890999999999998,11.7861
2015-12-16,-6.7038,10.581900000000001,17.2857
2015-12-17,8.8727,18.196099999999998,9.3234
2015-12-18,-3.0096,16.9098,19.9194
2015-12-21,-4.5787,15.348199999999999,19.9269
2015-12-22,-7.6189,14.832699999999999,22.4516
2015-12-23,-3.7182999999999997,14.8313,18.5496
2015-12-28,-2.7253,12.7445,15.4698
2015-12-29,4.9169,14.696900000000001,9.78
2015-12-30,2.8467000000000002,12.1853,9.3386
2015-12-31,-4.9067,6.8471,11.753800000000002
2016-01-04,0.31,9.151299999999999,8.8413
2016-01-05,14.293800000000001,28.151799999999998,13.857999999999999
2016-01-06,-6.5684000000000005,12.4067,18.9751
2016-01-07,-0.0033,3.4416,3.4449
2016-01-08,1.5372999999999999,23.186700000000002,21.6494
2016-01-11,-5.682799999999999,13.2959,18.9787
2016-01-12,-8.5657,13.4741,22.0398
2016-01-13,0.966,14.0085,13.0425
2016-01-14,-2.9208999999999996,16.9446,19.8655
2016-01-15,-3.4044,11.513,14.9174
2016-01-18,0.8090999999999999,12.7036,11.8945
2016-01-19,2.9988,13.1755,10.1767
2016-01-20,-8.8077,10.033999999999999,18.8417
2016-01-21,-2.8931999999999998,8.7096,11.6028
2016-01-22,3.2116000000000002,12.6522,9.4406
2016-01-25,0.5265,9.4707,8.9442
2016-01-26,-2.6188,12.222000000000001,14.8408
2016-01-27,43.1987,54.1216,10.9229
2016-01-28,-4.9852,20.208199999999998,25.1934
2016-01-29,14.573599999999999,37.9806,23.406999999999996
2016-02-01,-3.5844,16.108800000000002,19.6932
2016-02-02,-1.2018,17.6479,18.8497
2016-02-03,-23.7781,7.1399,30.918000000000003
2016-02-04,1.3771,12.216,10.8389
2016-02-05,-0.9779000000000001,7.261900000000001,8.2398
2016-02-15,-2.2079,12.878900000000002,15.0868
2016-02-16,2.0211,14.879000000000001,12.857899999999999
2016-02-17,-3.4368,11.746300000000002,15.1831
2016-02-18,2.4455,14.161800000000001,11.7163
2016-02-19,0.004,11.654300000000001,11.6503
2016-02-22,-1.1177,13.155,14.2727
2016-02-23,2.717,10.5671,7.8501
2016-02-24,-2.7958999999999996,9.856900000000001,12.6528
2016-02-25,0.30469999999999997,14.1042,13.7995
2016-02-26,13.1711,21.280700000000003,8.1096
2016-02-29,17.0632,25.9586,8.8954
2016-03-01,5.0273,16.4875,11.4602
2016-03-02,24.4053,32.846599999999995,8.4413
2016-03-03,-8.298300000000001,19.4247,27.723000000000003
2016-03-04,17.3144,39.1804,21.866
2016-03-07,7.5916999999999994,19.8522,12.2605
2016-03-08,-3.4488,12.433699999999998,15.8825
2016-03-09,0.2369,10.8641,10.6272
2016-03-10,2.3764,10.9833,8.606900000000001
2016-03-11,9.0675,17.8386,8.7711
2016-03-14,3.2258,18.5392,15.3134
2016-03-15,-2.7788,16.0133,18.7921
2016-03-16,-2.7727,22.7251,25.4978
2016-03-17,15.876800000000001,29.1694,13.2926
2016-03-18,9.998,41.8205,31.8225
2016-03-21,-1.6363999999999999,33.4781,35.1145
2016-03-22,4.1503,33.6182,29.4679
2016-03-23,-1.3021,19.647000000000002,20.949099999999998
2016-03-29,-2.8217000000000003,16.3042,19.125899999999998
2016-03-30,10.5777,23.971799999999998,13.394100000000002
2016-03-31,21.475,34.8755,13.4005
2016-04-01,-4.7276,11.431,16.1586
2016-04-05,0.2505,13.9269,13.676400000000001
2016-04-06,-4.2095,13.4627,17.6722
2016-04-07,-1.5714,11.5336,13.105
2016-04-08,-2.526,10.301400000000001,12.8274
2016-04-11,9.4832,21.055300000000003,11.5721
2016-04-12,8.697000000000001,15.6077,6.9107
2016-04-13,31.542399999999997,45.6967,14.154300000000001
2016-04-14,14.4401,25.0944,10.654300000000001
2016-04-15,-0.7816,14.7773,15.558900000000001
2016-04-18,-10.867799999999999,9.4945,20.3623
2016-04-19,2.0205,12.918299999999999,10.8978
2016-04-20,-15.3648,18.8649,34.2297
2016-04-21,1.5711000000000002,17.2229,15.651800000000001
2016-04-22,-1.909,11.4553,13.3643
2016-04-25,-1.3015999999999999,9.902899999999999,11.204500000000001
2016-04-26,1.8295,11.8905,10.061
2016-04-27,-3.3679,7.203200000000001,10.5711
2016-04-28,-2.805,12.2239,15.0289
2016-04-29,0.8895000000000001,10.208,9.3185
2016-05-03,6.153,17.9705,11.8175
2016-05-04,-2.7588999999999997,9.0801,11.839
2016-05-05,-5.638,6.925800000000001,12.5638
2016-05-06,-13.5968,6.9677,20.5645
2016-05-09,-5.3404,7.8816,13.222000000000001
2016-05-10,-4.1152,11.7961,15.9113
2016-05-11,-2.4017,8.5386,10.9403
2016-05-12,-4.5585,6.4605,11.019
2016-05-13,-7.3050999999999995,5.413200000000001,12.7183
2016-05-16,0.3243,5.626900000000001,5.3026
2016-05-17,-1.4602000000000002,6.710800000000001,8.171
2016-05-18,-4.236000000000001,7.888999999999999,12.125
2016-05-19,-1.7866,5.1485,6.9351
2016-05-20,2.1399,7.9861,5.8462
2016-05-23,3.4402999999999997,10.107999999999999,6.6677
2016-05-24,-0.7462000000000001,5.942200000000001,6.688400000000001
2016-05-25,12.5928,16.1935,3.6007
2016-05-26,3.0982,9.9129,6.8147
2016-05-27,6.1487,10.4495,4.3008
2016-05-30,24.31,30.2012,5.8912
2016-05-31,34.3676,44.5175,10.1499
2016-06-01,19.0118,30.9304,11.9186
2016-06-02,7.9983,13.091700000000001,5.0934
2016-06-03,13.8583,24.2875,10.429200000000002
2016-06-06,2.0072,15.7369,13.729700000000001
2016-06-07,11.2444,17.7971,6.5527
2016-06-08,-0.5609000000000001,17.4936,18.0545
2016-06-13,-10.8297,14.9891,25.8188
2016-06-14,-2.5827999999999998,9.14,11.7228
2016-06-15,-6.9986,11.304,18.302599999999998
2016-06-16,-9.2515,10.4297,19.6812
2016-06-17,7.2983,20.63,13.331700000000001
2016-06-20,0.358,8.6025,8.2445
2016-06-21,-0.8844,10.2749,11.1593
2016-06-22,7.0591,13.268099999999999,6.209
2016-06-23,-0.7434999999999999,8.5058,9.2493
2016-06-24,-20.6853,6.691599999999999,27.3769
2016-06-27,-0.8371,12.4344,13.271500000000001
2016-06-28,-0.9098,10.3078,11.2176
2016-06-29,8.9453,22.3085,13.363199999999999
2016-07-04,11.4914,25.7637,14.2723
2016-07-05,-1.5847,12.0288,13.613499999999998
2016-07-06,-6.4507,9.0013,15.452
2016-07-07,-2.1199,10.8373,12.9572
2016-07-08,-2.2706999999999997,11.4144,13.6851
2016-07-11,15.496199999999998,26.1431,10.6469
2016-07-12,16.8992,30.0042,13.105
2016-07-13,4.8099,24.098499999999998,19.2886
2016-07-14,7.031499999999999,16.9172,9.8857
2016-07-15,4.1581,14.7171,10.559000000000001
2016-07-18,7.105499999999999,15.3181,8.2126
2016-07-19,5.454400000000001,13.723199999999999,8.2688
2016-07-20,3.4217,9.666699999999999,6.245
2016-07-21,7.0012,16.9051,9.9039
2016-07-22,2.9192,11.6217,8.7025
2016-07-25,4.4864999999999995,12.3525,7.8660000000000005
2016-07-26,4.6967,15.866900000000001,11.1702
2016-07-27,9.752,30.965,21.213
2016-07-28,-5.668099999999999,14.885399999999999,20.5535
2016-07-29,0.856,11.0125,10.1565
2016-08-01,10.5475,18.9369,8.3894
2016-08-03,-1.6819,12.7591,14.440999999999999
2016-08-04,-4.3737,10.2453,14.619000000000002
2016-08-05,4.7495,12.730599999999999,7.9811000000000005
2016-08-08,6.233099999999999,15.7444,9.5113
2016-08-09,12.921500000000002,20.8026,7.8811
2016-08-10,10.4539,17.4,6.9461
2016-08-11,7.0421000000000005,17.6301,10.588
2016-08-12,2.314,19.748,17.434
2016-08-15,3.8364,25.6056,21.7692
2016-08-16,46.8617,58.3402,11.478499999999999
2016-08-17,15.056,27.1715,12.115499999999999
2016-08-18,11.7204,22.4444,10.724
2016-08-19,3.557,14.9114,11.3544
2016-08-22,-0.9197,12.0614,12.9811
2016-08-23,1.7541,14.2578,12.503699999999998
2016-08-24,2.2566,11.4596,9.203
2016-08-25,3.3807,17.720299999999998,14.3396
2016-08-26,1.9703,12.3994,10.4291
2016-08-29,-0.33590000000000003,15.791099999999998,16.127
2016-08-30,9.0338,30.1771,21.1433
2016-08-31,2.7925,13.986500000000001,11.194
2016-09-01,1.1973,12.0143,10.817
2016-09-02,-1.8333000000000002,14.3924,16.2257
2016-09-05,14.7079,23.062800000000003,8.3549
2016-09-06,8.8107,18.9512,10.1405
2016-09-07,4.8377,18.6087,13.770999999999999
2016-09-08,9.5292,17.4604,7.9312000000000005
2016-09-09,-3.4957,19.7896,23.285300000000003
2016-09-12,-25.7944,13.986600000000001,39.781
2016-09-13,-3.3815,15.3899,18.7714
2016-09-14,-11.675899999999999,12.6925,24.3684
2016-09-19,-8.2693,13.837200000000001,22.1065
2016-09-20,-8.5289,12.636099999999999,21.165
2016-09-21,-2.5494,14.006300000000001,16.555699999999998
2016-09-22,10.429400000000001,24.0227,13.5933
2016-09-23,5.4779,17.7757,12.2978
2016-09-26,-3.7796,16.6138,20.3934
2016-09-27,-3.3643,11.4351,14.7994
2016-09-28,-1.646,7.7972,9.443200000000001
2016-09-29,5.6294,12.504000000000001,6.8746
2016-10-11,9.7584,30.363899999999997,20.605500000000003
2016-10-12,-5.7549,11.8357,17.5906
2016-10-13,-5.3053,11.5944,16.8997
2016-10-14,9.3891,19.0687,9.6796
2016-10-17,-1.7463,13.1419,14.8882
2016-10-18,6.5165,18.6634,12.1469
2016-10-19,3.91,12.4877,8.5777
2016-10-20,3.6675,10.5855,6.917999999999999
2016-10-24,7.5594,25.328000000000003,17.7686
2016-10-25,9.1472,23.1325,13.9853
2016-10-26,2.3446000000000002,14.8303,12.4857
2016-10-27,-5.7674,10.7707,16.5381
2016-10-28,2.5516,19.168699999999998,16.6171
2016-10-31,1.4494999999999998,14.9049,13.4554
2016-11-01,4.086,14.953800000000001,10.867799999999999
2016-11-02,-9.7834,11.6967,21.480100000000004
2016-11-03,-4.03,13.7058,17.735799999999998
2016-11-04,-1.8741999999999999,12.8915,14.765699999999999
2016-11-07,0.7190000000000001,10.9975,10.2785
2016-11-08,3.2119,17.4087,14.196800000000001
2016-11-09,-40.412800000000004,16.235,56.6478
2016-11-10,15.3818,26.296100000000003,10.9143
2016-11-11,-6.667000000000001,20.4974,27.1644
2016-11-14,-2.0042,23.7277,25.7319
2016-11-15,0.1184,15.0342,14.915799999999999
2016-11-16,6.9984,18.0748,11.076400000000001
2016-11-17,-0.2879,12.646199999999999,12.9341
2016-11-18,-0.6413,10.3852,11.0265
2016-11-21,1.1322,15.3413,14.209100000000001
2016-11-22,13.247300000000001,25.9863,12.739
2016-11-23,11.3004,26.7773,15.4769
2016-11-24,8.8473,22.5917,13.7444
2016-11-25,17.1,29.103099999999998,12.0031
2016-11-28,13.9552,33.4092,19.454
2016-11-29,9.8508,38.435900000000004,28.5851
2016-11-30,11.0196,29.764400000000002,18.7448
2016-12-01,9.4071,27.836399999999998,18.4293
2016-12-02,-15.3939,24.7284,40.1223
2016-12-05,11.8122,53.252700000000004,41.4405
2016-12-06,13.8401,40.623200000000004,26.7831
2016-12-07,18.368,37.251999999999995,18.884
2016-12-08,22.882800000000003,44.993100000000005,22.110300000000002
2016-12-09,-0.3682,54.2463,54.6145
2016-12-12,9.5874,41.517700000000005,31.930300000000003
2016-12-13,15.2474,34.1556,18.9082
2016-12-14,8.9355,32.6532,23.7177
2016-12-15,4.5757,32.170500000000004,27.5948
2016-12-16,11.3973,35.227,23.8297
2016-12-19,-6.4064,17.145,23.551399999999997
2016-12-20,-25.5438,16.298199999999998,41.842
2016-12-21,1.5348,18.1249,16.5901
2016-12-22,-5.2364,14.5147,19.751099999999997
2016-12-28,-5.42,18.3263,23.7463
2016-12-29,-1.2166,16.2793,17.4959
2016-12-30,-0.8164,15.2311,16.0475
2017-01-03,-0.5629,21.048099999999998,21.611
2017-01-04,-8.2966,25.257600000000004,33.5542
2017-01-05,-3.924,25.5042,29.4282
2017-01-06,-15.700999999999999,20.8773,36.5783
2017-01-09,-0.6542,24.3805,25.034699999999997
2017-01-10,2.5432,22.917600000000004,20.3744
2017-01-11,16.860799999999998,31.9186,15.0578
2017-01-12,12.285,26.6946,14.409600000000001
2017-01-13,12.052999999999999,31.6422,19.5892
2017-01-16,-8.083,31.4815,39.564499999999995
2017-01-17,10.5458,27.3548,16.809
2017-01-18,13.913599999999999,32.1304,18.2168
2017-01-19,10.639100000000001,27.063499999999998,16.424400000000002
2017-01-20,16.7727,28.6448,11.8721
2017-01-23,13.991,28.077399999999997,14.086400000000001
2017-01-24,13.6544,28.2251,14.570699999999999
2017-01-25,1.7442,19.5573,17.8131
2017-01-26,8.6132,21.778299999999998,13.1651
2017-02-03,13.0867,29.1982,16.1115
2017-02-06,27.7627,42.355,14.5923
2017-02-07,16.321099999999998,35.3678,19.0467
2017-02-08,12.1851,29.0011,16.816
2017-02-09,18.7181,39.3019,20.5838
2017-02-10,16.2104,37.9206,21.7102
2017-02-13,16.9835,43.032399999999996,26.0489
2017-02-14,13.466199999999999,34.6605,21.1943
2017-02-15,23.083299999999998,48.1118,25.028499999999998
2017-02-16,18.6494,35.8124,17.163
2017-02-17,12.1927,33.1537,20.961
2017-02-20,18.3337,36.1939,17.8602
2017-02-21,13.1423,34.1803,21.038
2017-02-22,10.7675,31.207600000000003,20.4401
2017-02-23,14.136600000000001,34.6365,20.499899999999997
2017-02-24,7.7148,27.7011,19.9863
2017-02-27,3.7498,32.1306,28.3808
2017-02-28,1.5026,24.3066,22.804000000000002
2017-03-01,8.9289,28.522800000000004,19.5939
2017-03-02,3.9168000000000003,33.7572,29.8404
2017-03-03,1.2819999999999998,31.487399999999997,30.2054
2017-03-06,2.5778,28.9593,26.381500000000003
2017-03-07,3.0321,33.200500000000005,30.168400000000002
2017-03-08,0.6022,29.1896,28.5874
2017-03-09,-19.1218,25.3807,44.5025
2017-03-10,-8.4266,30.4595,38.8861
2017-03-13,7.186699999999999,36.3589,29.172199999999997
2017-03-14,-9.9215,27.4573,37.3788
2017-03-15,3.5561000000000003,33.591100000000004,30.035
2017-03-16,17.7923,38.0616,20.2693
2017-03-17,12.0551,50.876099999999994,38.821
2017-03-20,15.6699,42.1625,26.492600000000003
2017-03-21,8.74,42.318999999999996,33.579
2017-03-22,5.261799999999999,37.8723,32.6105
2017-03-23,16.8768,47.0276,30.1508
2017-03-24,17.253,49.1342,31.8812
2017-03-27,3.1777999999999995,41.618900000000004,38.4411
2017-03-28,8.809,38.321,29.511999999999997
2017-03-29,2.6604,33.9649,31.304499999999997
2017-03-30,11.8037,44.1292,32.325500000000005
2017-03-31,-2.0005,31.8471,33.8476
2017-04-05,13.994100000000001,61.3516,47.3575
2017-04-06,-0.0258,40.5082,40.534
2017-04-07,4.4914,39.1869,34.6955
2017-04-10,7.3991,42.3796,34.9805
2017-04-11,-4.7544,42.2625,47.01689999999999
2017-04-12,-3.5509,41.6522,45.203100000000006
2017-04-18,0.2419,54.1034,53.8615
2017-04-19,10.5066,47.34270000000001,36.8361
2017-04-20,16.329,51.7038,35.3748
2017-04-21,6.3411,39.1258,32.7847
2017-04-24,3.5557,40.038000000000004,36.4823
2017-04-25,14.0887,48.141400000000004,34.0527
2017-04-26,9.6083,47.0664,37.4581
2017-04-27,5.216799999999999,49.5805,44.3637
2017-04-28,16.722,50.866899999999994,34.1449
2017-05-04,10.446,61.88270000000001,51.4367
2017-05-05,-2.645,41.4818,44.1268
2017-05-08,2.2001,40.8645,38.6644
2017-05-09,21.323400000000003,44.7934,23.47
2017-05-10,21.256,48.398,27.142
2017-05-11,22.4512,54.88,32.4288
2017-05-12,1.0745,38.8836,37.8091
2017-05-15,16.5016,47.4824,30.9808
2017-05-16,30.004,59.231300000000005,29.2273
2017-05-17,14.931,43.7714,28.8404
2017-05-18,9.602,39.5952,29.9932
2017-05-19,12.700099999999999,38.1408,25.440700000000003
2017-05-22,5.653300000000001,35.8298,30.1765
2017-05-23,2.7725,47.8778,45.1053
2017-05-24,10.5185,41.5761,31.0576
2017-05-25,15.0703,50.1325,35.0622
2017-05-26,-0.1523,43.031099999999995,43.1834
2017-05-31,-16.27,39.3187,55.588699999999996
2017-06-01,-16.968,41.7689,58.7369
2017-06-02,15.628599999999999,43.946099999999994,28.3175
2017-06-05,18.014400000000002,45.0487,27.034299999999998
2017-06-06,20.2122,44.393699999999995,24.1815
2017-06-07,22.5453,57.6313,35.086
2017-06-08,22.8857,54.538500000000006,31.652800000000003
2017-06-09,13.255799999999999,61.0434,47.787600000000005
2017-06-12,-10.5967,41.359399999999994,51.9561
2017-06-13,4.8187,42.53020000000001,37.7115
2017-06-14,-13.239,34.704499999999996,47.9435
2017-06-15,22.2485,56.2178,33.9693
2017-06-16,9.748099999999999,50.8905,41.142399999999995
2017-06-19,22.8799,50.5206,27.640700000000002
2017-06-20,3.1170999999999998,34.8985,31.781399999999998
2017-06-21,13.7256,49.716300000000004,35.990700000000004
2017-06-22,16.8812,61.782,44.9008
2017-06-23,14.052100000000001,51.153999999999996,37.1019
2017-06-26,1.3591,50.4858,49.1267
2017-06-27,26.4754,66.3777,39.9023
2017-06-28,-3.9857,45.0489,49.0346
2017-06-29,29.956100000000003,64.2552,34.299099999999996
2017-06-30,-11.818499999999998,30.9433,42.7618
2017-07-03,4.0767,33.8174,29.7407
2017-07-04,-6.0083,33.6567,39.665
2017-07-05,5.6854,33.225500000000004,27.540100000000002
2017-07-06,-10.7096,34.6813,45.3909
2017-07-07,2.6378,33.943400000000004,31.3056
2017-07-10,8.9498,39.9611,31.011300000000002
2017-07-11,8.2049,43.0906,34.8857
2017-07-12,15.0273,50.8725,35.8452
2017-07-13,13.511,50.767399999999995,37.2564
2017-07-14,0.5297,37.7909,37.2612
2017-07-17,13.488900000000001,64.4249,50.93600000000001
2017-07-18,20.014200000000002,62.5043,42.490100000000005
2017-07-19,17.5218,55.323,37.8012
2017-07-20,1.2741,43.650299999999994,42.3762
2017-07-21,15.248099999999999,47.9169,32.668800000000005
2017-07-24,15.894400000000001,51.662200000000006,35.7678
2017-07-25,12.3526,46.7918,34.4392
2017-07-26,17.7448,60.5928,42.848
2017-07-27,26.7273,59.185500000000005,32.458200000000005
2017-07-28,23.0658,51.7558,28.69
2017-07-31,18.889200000000002,48.585100000000004,29.6959
2017-08-01,14.8826,48.8865,34.0039
2017-08-02,2.8001,54.690799999999996,51.890699999999995
2017-08-03,23.4822,59.5359,36.0537
2017-08-04,28.1256,60.290699999999994,32.1651
2017-08-07,27.8841,58.255900000000004,30.371799999999997
2017-08-08,18.2119,47.6975,29.485599999999998
2017-08-09,12.158299999999999,44.424099999999996,32.2658
2017-08-10,-2.7923,47.3899,50.1822
2017-08-11,-9.043099999999999,52.0788,61.1219
2017-08-14,2.2414,47.278999999999996,45.037600000000005
2017-08-15,-0.7786,40.9262,41.7048
2017-08-16,8.1248,41.9735,33.8487
2017-08-17,6.3422,43.03939999999999,36.697199999999995
2017-08-18,-10.7043,39.8461,50.550399999999996
2017-08-21,0.7081000000000001,42.1907,41.482600000000005
2017-08-22,0.1959,41.563199999999995,41.36729999999999
2017-08-24,12.417,54.2552,41.8382
2017-08-25,30.4364,69.4583,39.0219
2017-08-28,37.708600000000004,83.6341,45.9255
2017-08-29,17.2229,59.976099999999995,42.7532
2017-08-30,32.877399999999994,75.6127,42.735299999999995
2017-08-31,17.7836,65.5322,47.748599999999996
2017-09-01,41.787200000000006,81.9183,40.1311
2017-09-04,17.196099999999998,65.6992,48.5031
2017-09-05,9.4016,53.2803,43.8787
2017-09-06,1.6279,47.2227,45.59479999999999
2017-09-07,9.3161,54.8402,45.5241
2017-09-08,4.2978,56.631499999999996,52.3337
2017-09-11,20.066300000000002,64.1814,44.115100000000005
2017-09-12,24.688200000000002,71.7843,47.0961
2017-09-13,2.3535,47.9147,45.5612
2017-09-14,0.4644,50.958800000000004,50.4944
2017-09-15,-1.8766,59.0346,60.9112
2017-09-18,43.873400000000004,84.3709,40.4975
2017-09-19,1.38059999999999,56.4478,55.0672
2017-09-20,20.0582,66.3686,46.3104
2017-09-21,11.9834,64.1397,52.1563
2017-09-22,4.845,51.883500000000005,47.038500000000006
2017-09-25,-17.6926,48.0822,65.7748
2017-09-26,0.2773,48.9833,48.706
2017-09-27,6.4814,45.7631,39.2817
2017-09-28,-3.7445999999999997,41.5186,45.2632
2017-09-29,11.2961,46.858900000000006,35.5628
2017-10-09,75.642,122.9875,47.3455
2017-10-10,40.8785,94.1207,53.242200000000004
2017-10-11,15.96,75.4002,59.440200000000004
2017-10-12,3.5827,54.2949,50.7122
2017-10-13,2.7245,52.608599999999996,49.8841
2017-10-16,14.066600000000001,73.0772,59.010600000000004
2017-10-17,16.868,67.87,51.001999999999995
2017-10-18,-5.7198,54.898900000000005,60.6187
2017-10-19,-0.337,75.5436,75.8806
2017-10-20,-1.6962000000000002,56.656099999999995,58.35229999999999
2017-10-23,-14.8771,50.8402,65.7173
2017-10-24,-32.6987,55.6729,88.3716
2017-10-25,4.6384,63.23,58.5916
2017-10-26,15.238,92.4632,77.2252
2017-10-27,0.7673000000000001,74.4543,73.687
2017-10-30,-11.660499999999999,81.7196,93.3801
2017-10-31,-5.1497,71.2188,76.3685
2017-11-01,25.4899,82.5284,57.038500000000006
2017-11-02,15.1751,70.9971,55.821999999999996
2017-11-03,1.9037,70.8339,68.9302
2017-11-06,4.8426,71.7119,66.86930000000001
2017-11-07,15.2373,90.3344,75.0971
2017-11-08,18.6979,92.8336,74.1357
2017-11-09,29.8382,88.6367,58.798500000000004
2017-11-10,2.30849999999999,81.7971,79.48859999999999
2017-11-13,5.747999999999999,87.2756,81.5276
2017-11-14,3.2938,83.8083,80.5145
2017-11-15,-21.5748,74.3568,95.9316
2017-11-16,4.2662,69.8802,65.61399999999999
2017-11-17,-15.494200000000001,102.4324,117.9266
2017-11-20,-9.371399999999989,96.46889999999999,105.84030000000001
2017-11-21,-7.00829999999999,98.647,105.65530000000001
2017-11-22,4.0297,99.2154,95.1857
2017-11-23,18.869,126.774,107.905
2017-11-24,8.0727,108.84120000000001,100.7685
2017-11-27,-14.3315,82.8526,97.1841
2017-11-28,32.9546,89.9436,56.989
2017-11-29,12.9441,88.02799999999999,75.0839
2017-11-30,-9.80249999999999,72.3153,82.1178
2017-12-01,32.4309,90.5968,58.1659
2017-12-04,-1.4628999999999999,73.6528,75.1157
2017-12-05,-32.3082,71.84270000000001,104.15090000000001
2017-12-06,-39.3483,74.94149999999999,114.2898
2017-12-07,-15.5033,67.3266,82.8299
2017-12-08,36.3775,98.07430000000001,61.6968
2017-12-11,15.274000000000001,80.4246,65.1506
2017-12-12,-7.3553999999999995,57.677299999999995,65.0327
2017-12-13,28.8105,75.7782,46.96770000000001
2017-12-14,6.1923999999999895,61.7963,55.6039
2017-12-15,-26.63,61.4625,88.0925
2017-12-18,18.7086,62.5986,43.89
2017-12-19,15.851300000000002,60.296899999999994,44.445600000000006
2017-12-20,-9.339,53.684799999999996,63.0238
2017-12-21,12.5249,62.9412,50.4163
2017-12-27,8.3239,80.5117,72.1878
2017-12-28,27.8569,84.3467,56.489799999999995
2017-12-29,15.2565,58.921499999999995,43.665
2018-01-02,33.5706,83.1297,49.5591
2018-01-03,44.3083,108.5906,64.28229999999999
2018-01-04,43.4097,104.3973,60.9876
2018-01-05,24.1145,86.1936,62.0791
2018-01-08,17.1081,90.80850000000001,73.7004
2018-01-09,28.4252,91.54690000000001,63.121700000000004
2018-01-10,15.492799999999999,93.1099,77.6171
2018-01-11,0.73010000000001,78.7999,78.0698
2018-01-12,21.1973,77.638,56.4407
2018-01-15,-17.5912,86.8983,104.4895
2018-01-16,22.9265,110.6965,87.77
2018-01-17,-8.2801,124.3544,132.6345
2018-01-18,18.0689,106.2007,88.1318
2018-01-19,10.4626,101.3022,90.83959999999999
2018-01-22,21.710500000000003,111.0914,89.3809
2018-01-23,26.6609,130.4826,103.8217
2018-01-24,1.2256,110.3517,109.12610000000001
2018-01-25,22.239,115.0834,92.84440000000001
2018-01-26,30.0346,108.9814,78.9468
2018-01-29,-8.2497,109.0047,117.2544
2018-01-30,4.067,103.4906,99.42360000000001
2018-01-31,-0.55229999999999,96.321,96.8733
2018-02-01,2.7123000000000004,123.5385,120.82620000000001
2018-02-02,-1.5151,110.1529,111.66799999999999
2018-02-05,-34.6302,103.0712,137.7014
2018-02-06,-97.9285,119.8833,217.8118
2018-02-07,17.165399999999998,166.3033,149.1379
2018-02-08,28.754099999999998,141.7392,112.9851
2018-02-09,-26.0874,136.4648,162.5522
2018-02-12,-12.5826,104.44969999999999,117.03229999999999
2018-02-13,-8.7866,82.09909999999999,90.8857
2018-02-14,11.5492,62.8844,51.33520000000001
2018-02-22,23.709600000000002,102.25120000000001,78.5416
2018-02-23,17.7912,80.9813,63.1901
2018-02-26,32.0958,95.01209999999999,62.9163
2018-02-27,26.0026,113.5773,87.57469999999999
2018-02-28,-4.5458,88.4109,92.9567
2018-03-01,12.1766,88.0733,75.8967
2018-03-02,-10.593399999999999,72.8973,83.4907
2018-03-05,-13.7652,67.9114,81.6766
2018-03-06,9.7959,93.458,83.6621
2018-03-07,-25.668000000000003,67.8036,93.4716
2018-03-08,28.262800000000002,84.8061,56.5433
2018-03-09,14.023800000000001,81.3599,67.3361
2018-03-12,23.679499999999997,102.66149999999999,78.982
2018-03-13,13.6071,88.2906,74.68350000000001
2018-03-14,5.9018,74.6707,68.7689
2018-03-15,13.775,87.0385,73.26350000000001
2018-03-16,-21.851100000000002,86.8916,108.7427
2018-03-19,8.8464,72.7916,63.94520000000001
2018-03-20,-8.7201,70.479,79.1991
2018-03-21,5.3763,85.2518,79.8755
2018-03-22,3.7191,82.3116,78.5925
2018-03-23,-17.4569,113.7764,131.23329999999999
2018-03-26,38.3993,121.10079999999999,82.7015
2018-03-27,10.5906,110.2009,99.61030000000001
2018-03-28,7.02599999999999,112.2025,105.17649999999999
2018-04-03,29.0643,132.5062,103.4419
2018-04-04,14.1143,97.2093,83.095
2018-04-09,32.744699999999995,108.2748,75.5301
2018-04-10,33.4512,111.8748,78.4236
2018-04-11,9.4043,98.0157,88.61139999999999
2018-04-12,28.3148,88.4091,60.094300000000004
2018-04-13,23.021900000000002,86.4743,63.4524
2018-04-16,26.0775,107.2816,81.2041
2018-04-17,6.87619999999999,105.27510000000001,98.3989
2018-04-18,72.2168,163.7586,91.54180000000001
2018-04-19,52.66439999999999,124.0431,71.3787
2018-04-20,-11.603499999999999,85.52959999999999,97.1331
2018-04-23,23.3335,106.7629,83.4294
2018-04-24,39.002199999999995,121.2881,82.2859
2018-04-25,13.790999999999999,83.7386,69.94760000000001
2018-04-26,-30.9994,100.4181,131.4175
2018-04-27,25.0302,149.5763,124.54610000000001
2018-05-02,45.6991,137.3665,91.6674
2018-05-03,4.07679999999999,98.5732,94.4964
2018-05-04,-13.3396,71.1726,84.51219999999999
2018-05-07,27.0898,104.7466,77.6568
2018-05-08,19.4055,98.242,78.8365
2018-05-09,21.8643,78.3806,56.5163
2018-05-10,30.0867,90.9795,60.892799999999994
2018-05-11,25.499499999999998,96.15360000000001,70.6541
2018-05-14,56.858000000000004,124.67309999999999,67.8151
2018-05-15,36.3212,106.579,70.2578
2018-05-16,11.0733,91.79979999999999,80.7265
2018-05-17,22.7985,81.8373,59.0388
2018-05-18,34.3788,95.11,60.7312
2018-05-23,22.3112,119.7608,97.44959999999999
2018-05-24,20.4888,91.2741,70.78529999999999
2018-05-25,20.3426,95.1384,74.7958
2018-05-28,38.7221,108.5551,69.833
2018-05-29,14.6587,105.2741,90.61540000000001
2018-05-30,12.700099999999999,116.5254,103.82530000000001
2018-05-31,57.477700000000006,202.1778,144.7001
2018-06-01,21.9287,110.5243,88.59559999999999
2018-06-04,60.321400000000004,146.5745,86.25309999999999
2018-06-05,37.3664,127.0016,89.6352
2018-06-06,26.604200000000002,107.23459999999999,80.6304
2018-06-07,41.4189,120.3875,78.9686
2018-06-08,1.4284000000000001,138.3852,136.95680000000002
2018-06-11,42.616800000000005,128.7916,86.17479999999999
2018-06-12,24.921100000000003,119.6291,94.708
2018-06-13,14.1626,102.4359,88.2733
2018-06-14,28.0602,113.7109,85.6507
2018-06-15,26.2838,130.9215,104.63770000000001
2018-06-19,-21.1157,170.6823,191.798
2018-06-20,7.5352,117.40459999999999,109.8694
2018-06-21,-9.1094,124.0858,133.1952
2018-06-22,1.1157000000000101,98.1599,97.0442
2018-06-25,-37.794000000000004,87.6487,125.4427
2018-06-26,23.632399999999997,134.0698,110.4374
2018-06-27,-12.5065,112.0132,124.5197
2018-06-28,8.05000000000001,138.22469999999998,130.1747
2018-07-03,3.43259999999999,172.68330000000003,169.2507
2018-07-04,-14.328199999999999,91.6325,105.9607
2018-07-05,22.655500000000004,115.8859,93.2304
2018-07-06,43.8544,143.263,99.4086
2018-07-09,34.3163,110.3567,76.0404
2018-07-10,6.0923,90.2904,84.1981
2018-07-11,-2.5362,86.15559999999999,88.6918
2018-07-12,17.924400000000002,107.5592,89.6348
2018-07-13,10.886400000000002,92.06290000000001,81.17649999999999
2018-07-16,-0.9932,79.7642,80.7574
2018-07-17,-6.3304,70.3433,76.6737
2018-07-18,-1.0469000000000102,73.2589,74.3058
2018-07-19,24.3952,93.3892,68.994
2018-07-20,21.36,118.399,97.039
2018-07-23,-1.3849,110.0375,111.4224
2018-07-24,26.347399999999997,137.92770000000002,111.58030000000001
2018-07-25,16.1758,99.5882,83.41239999999999
2018-07-26,3.9326999999999996,93.5692,89.6365
2018-07-27,25.566999999999997,93.4875,67.9205
2018-07-30,23.5058,114.46610000000001,90.9603
2018-07-31,30.9291,105.9442,75.0151
2018-08-01,9.3866,102.51870000000001,93.1321
2018-08-02,3.62910000000001,141.0303,137.40120000000002
2018-08-03,5.10570000000001,112.6591,107.5534
2018-08-06,30.6312,127.0408,96.4096
2018-08-07,29.8501,125.0546,95.20450000000001
2018-08-08,16.5803,120.2147,103.6344
2018-08-09,52.145,141.6595,89.51450000000001
2018-08-10,0.5425,91.2888,90.74629999999999
2018-08-13,-5.7795000000000005,82.1998,87.97930000000001
2018-08-14,-13.3972,77.11189999999999,90.5091
2018-08-15,-15.271400000000002,83.6917,98.9631
2018-08-16,21.719,122.4675,100.7485
2018-08-17,3.6752999999999996,93.7116,90.0363
2018-08-20,56.56100000000001,134.8156,78.2546
2018-08-21,28.1475,110.43870000000001,82.2912
2018-08-22,20.0322,82.6601,62.6279
2018-08-23,12.599200000000002,94.0688,81.4696
2018-08-24,-1.7687,73.2825,75.0512
2018-08-27,21.676399999999997,121.5557,99.8793
2018-08-28,14.3072,93.9315,79.6243
2018-08-29,20.3195,84.99600000000001,64.67649999999999
2018-08-30,6.16360000000001,94.0882,87.9246
2018-08-31,37.6719,177.4359,139.764
2018-09-03,2.7077,83.7115,81.0038
2018-09-04,13.5113,86.705,73.19369999999999
2018-09-05,-31.0886,73.12020000000001,104.2088
2018-09-06,8.86290000000001,90.3881,81.5252
2018-09-07,-2.5409,90.9724,93.5133
2018-09-10,-6.0471,74.449,80.4961
2018-09-11,-0.4203,88.29879999999999,88.7191
2018-09-12,-10.453499999999998,75.6116,86.0651
2018-09-13,27.399299999999997,105.2078,77.80850000000001
2018-09-14,28.0742,96.7758,68.7016
2018-09-17,6.9134,69.1556,62.242200000000004
2018-09-18,19.171,99.5363,80.36529999999999
2018-09-19,7.76179999999999,101.1257,93.3639
2018-09-20,48.0023,112.7207,64.7184
2018-09-26,18.7773,168.577,149.7997
2018-09-27,28.894000000000002,119.7112,90.8172
2018-09-28,16.262999999999998,101.6139,85.3509
2018-10-08,-97.1611,104.20479999999999,201.3659
2018-10-09,-30.7984,92.1814,122.9798
2018-10-10,-16.1204,84.87290000000002,100.9933
2018-10-11,-36.3236,137.6418,173.96540000000002
2018-10-12,10.7254,124.6515,113.9261
2018-10-15,-11.046700000000001,92.9623,104.009
2018-10-18,-6.33949999999999,140.4884,146.8279
2018-10-19,43.2254,183.6409,140.41549999999998
2018-10-22,-7.6201,153.3273,160.9474
2018-10-23,-3.5304999999999898,125.8535,129.384
2018-10-24,14.7065,133.9678,119.26129999999999
2018-10-25,-36.0184,107.6829,143.7013
2018-10-26,-16.651300000000003,104.94139999999999,121.59270000000001
2018-10-29,27.8841,143.0402,115.15610000000001
2018-10-30,2.29500000000001,156.99790000000002,154.7029
2018-10-31,57.4869,166.5898,109.1029
2018-11-01,84.82469999999999,198.6652,113.84049999999999
2018-11-02,173.84669999999997,300.9381,127.0914
2018-11-05,9.38369999999999,140.454,131.0703
2018-11-06,-17.953,99.67569999999999,117.62870000000001
2018-11-07,20.285899999999998,118.4738,98.18790000000001
2018-11-08,38.5726,116.7088,78.1362
2018-11-09,0.9247,97.09790000000001,96.1732
2018-11-12,11.0318,104.9558,93.92399999999999
2018-11-13,23.96,135.4203,111.4603
2018-11-14,-8.96360000000001,94.66860000000001,103.6322
2018-11-15,25.3776,104.042,78.6644
2018-11-16,19.9578,120.05959999999999,100.1018
2018-11-19,16.4212,121.8237,105.4025
2018-11-20,-30.641599999999997,95.50129999999999,126.14290000000001
2018-11-21,9.510399999999999,104.3275,94.8171
2018-11-22,-6.7549,76.8862,83.64110000000001
2018-11-23,-10.512,87.33030000000001,97.8423
2018-11-26,23.9296,90.4711,66.5415
2018-11-27,1.4538,80.4589,79.0051
2018-11-28,25.3917,102.3918,77.0001
2018-11-29,10.7326,98.7257,87.9931
2018-11-30,48.346000000000004,131.2076,82.8616
2018-12-03,121.4136,233.7548,112.34120000000001
2018-12-04,42.9169,137.012,94.0951
2018-12-05,8.9071,114.45290000000001,105.5458
2018-12-06,-42.295100000000005,98.3751,140.6702
2018-12-07,-5.1223,80.94630000000001,86.0686
2018-12-10,-17.7016,85.9684,103.67
2018-12-11,3.0050999999999903,84.60610000000001,81.601
2018-12-12,12.6574,77.0966,64.4392
2018-12-13,66.1944,149.3866,83.1922
2018-12-14,-17.075,147.33870000000002,164.41369999999998
2018-12-17,12.586099999999998,99.3208,86.73469999999999
2018-12-18,-30.1215,80.7442,110.8657
2018-12-19,-7.847899999999999,73.9166,81.7645
2018-12-20,-11.7963,89.795,101.59129999999999
2018-12-21,-1.929,105.3907,107.3197
2018-12-27,5.3359000000000005,125.6618,120.3259
2018-12-28,22.2967,121.5993,99.3026
2019-01-02,3.5386999999999897,116.12270000000001,112.584
2019-01-03,7.8012,96.7733,88.9721
2019-01-04,2.3686000000000003,110.33840000000001,107.96979999999999
2019-01-07,16.4635,106.26459999999999,89.8011
2019-01-08,14.160499999999999,94.38690000000001,80.2264
2019-01-09,67.63119999999999,167.178,99.5468
2019-01-10,16.3921,116.8825,100.49040000000001
2019-01-11,42.664300000000004,122.79180000000001,80.1275
2019-01-14,-16.8417,83.4258,100.2675
2019-01-15,51.8028,139.6827,87.87989999999999
2019-01-16,25.273200000000003,108.288,83.0148
2019-01-17,25.855999999999998,120.5218,94.6658
2019-01-18,84.2101,172.90650000000002,88.6964
2019-01-21,32.236999999999995,130.7769,98.5399
2019-01-22,-13.9297,89.65180000000001,103.58149999999999
2019-01-23,18.1194,95.9002,77.7808
2019-01-24,24.456300000000002,111.7493,87.29299999999999
2019-01-25,34.9324,125.3842,90.4518
2019-01-28,49.4045,150.9272,101.5227
2019-01-29,23.7598,129.3493,105.5895
2019-01-30,9.9416,121.0099,111.0683
2019-01-31,86.6391,183.9553,97.31620000000001
2019-02-01,55.465900000000005,152.4958,97.0299
2019-02-11,45.6904,177.17610000000002,131.4857
2019-02-12,53.2622,172.1081,118.8459
2019-02-13,86.0133,221.2677,135.2544
2019-02-14,56.809799999999996,186.5584,129.7486
2019-02-15,21.938299999999998,161.6334,139.6951
2019-02-18,47.8807,188.1942,140.3135
2019-02-19,16.1802,199.47169999999997,183.2915
2019-02-20,47.5817,187.59060000000002,140.00889999999998
2019-02-21,23.1807,207.8109,184.6302
2019-02-22,59.9899,208.0805,148.0906
2019-02-25,-7.16049999999999,333.30300000000005,340.4635
2019-02-26,19.9278,349.5051,329.57730000000004
2019-02-27,48.755500000000005,315.9791,267.22360000000003
2019-02-28,28.399299999999997,251.1135,222.71419999999998
2019-03-01,30.2042,263.35220000000004,233.148
2019-03-04,35.3956,392.59860000000003,357.20300000000003
2019-03-05,41.574600000000004,298.6729,257.0983
2019-03-06,-8.34600000000002,299.7142,308.0602
2019-03-07,-39.6991,241.81310000000002,281.5122
2019-03-08,-12.277000000000001,316.6005,328.8775
2019-03-11,-19.866600000000002,247.65849999999998,267.5251
2019-03-12,9.9724,313.4266,303.45419999999996
2019-03-13,-23.4714,284.749,308.2204
2019-03-14,23.328000000000003,276.5766,253.2486
2019-03-15,22.8852,282.6904,259.8052
2019-03-18,33.8769,322.91970000000003,289.0428
2019-03-19,-15.988599999999998,255.2161,271.2047
2019-03-20,-1.0559,253.99779999999998,255.0537
2019-03-21,-11.948699999999999,228.928,240.87669999999997
2019-03-22,-13.571800000000001,227.09169999999997,240.6635
2019-03-25,-107.7445,211.58990000000003,319.33439999999996
2019-03-26,9.9557,242.0859,232.1302
2019-03-27,-4.961899999999989,221.8362,226.7981
2019-03-28,-15.6303,222.6626,238.2929
2019-03-29,110.9315,387.5814,276.6499
2019-04-01,31.1818,386.1885,355.00669999999997
2019-04-02,-1.6143,307.8897,309.504
2019-04-03,29.0534,319.00919999999996,289.9558
2019-04-04,-14.5222,332.185,346.7072
2019-04-08,-44.4076,359.3614,403.769
2019-04-09,-4.02620000000001,307.6927,311.7189
2019-04-10,-33.522,318.66700000000003,352.189
2019-04-11,-41.9867,299.8856,341.87230000000005
2019-04-12,-5.0723,256.6707,261.743
2019-04-15,-22.7432,285.88759999999996,308.6308
2019-04-16,34.3249,341.9012,307.5763
2019-04-17,-18.7757,280.56080000000003,299.3365
2019-04-23,-64.977,305.49490000000003,370.4719
2019-04-24,-35.251599999999996,246.85,282.1016
2019-04-25,-17.0638,264.139,281.20279999999997
2019-04-26,-10.425999999999998,297.5366,307.9626
2019-04-29,45.327299999999994,322.36650000000003,277.0392
2019-04-30,-5.46890000000001,256.7562,262.2251
2019-05-06,-56.235299999999995,358.9521,415.18739999999997
2019-05-07,-11.4174,313.52299999999997,324.9404
2019-05-08,-49.6337,230.4801,280.1138
2019-05-09,-56.8095,224.0782,280.8877
2019-05-14,-108.9967,242.4616,351.4583
2019-05-15,9.07449999999999,233.03830000000002,223.96380000000002
2019-05-16,-33.969699999999996,209.9136,243.88330000000002
2019-05-17,-56.1104,221.4501,277.5605
2019-05-20,-24.264400000000002,225.13569999999999,249.40009999999998
2019-05-21,-36.8439,178.2373,215.0812
2019-05-22,-44.938599999999994,178.9389,223.8775
2019-05-23,-41.140699999999995,176.5147,217.65540000000001
2019-05-24,-16.1754,164.21130000000002,180.3867
2019-05-27,-19.0502,192.30290000000002,211.3531
2019-05-28,55.6686,414.38129999999995,358.7127
2019-05-29,-32.5141,163.1354,195.64950000000002
2019-05-30,-7.882699999999989,179.99869999999999,187.88139999999999
2019-05-31,-5.4977,167.1404,172.6381
2019-06-03,44.069799999999994,218.2563,174.18650000000002
2019-06-04,10.6425,190.3537,179.7112
2019-06-05,30.578200000000002,196.3228,165.7446
2019-06-06,10.785599999999999,178.66240000000002,167.8768
2019-06-10,78.9727,228.01049999999998,149.0378
2019-06-11,69.4596,270.2668,200.80720000000002
2019-06-12,12.8601,189.7935,176.9334
2019-06-13,11.7104,175.46880000000002,163.7584
2019-06-14,-16.3821,209.27970000000002,225.6618
2019-06-17,5.0730999999999895,153.7301,148.657
2019-06-18,15.921600000000002,146.53719999999998,130.6156
2019-06-19,49.2374,227.28470000000002,178.0473
2019-06-20,55.6491,288.132,232.4829
2019-06-21,73.305,343.04040000000003,269.7354
2019-06-24,-19.111,172.31439999999998,191.4254
2019-06-25,-32.9954,179.7477,212.74310000000003
2019-06-26,-12.1347,133.6662,145.8009
2019-06-27,38.3888,203.75400000000002,165.36520000000002
2019-07-02,11.2181,258.05330000000004,246.83520000000001
2019-07-03,-4.89529999999999,187.1993,192.09459999999999
2019-07-04,9.7682,185.4086,175.6404
2019-07-05,4.2771,145.7954,141.5183
2019-07-08,-36.059,158.3108,194.3698
2019-07-09,-26.198,129.0741,155.2721
2019-07-10,-16.374100000000002,127.16850000000001,143.5426
2019-07-11,24.3587,163.3975,139.03879999999998
2019-07-12,14.5927,160.1807,145.588
2019-07-15,-14.41,196.3585,210.7685
2019-07-16,10.092,156.9622,146.8702
2019-07-17,17.5105,154.1559,136.6454
2019-07-18,18.4497,158.3562,139.9065
2019-07-19,61.892399999999995,200.41189999999997,138.5195
2019-07-22,3.85,162.47799999999998,158.628
2019-07-23,-4.0566,143.1392,147.1958
2019-07-24,20.5019,173.5726,153.0707
2019-07-25,19.4873,162.39790000000002,142.9106
2019-07-26,-13.866700000000002,127.07260000000001,140.9393
2019-07-29,0.58980000000001,143.58180000000002,142.99200000000002
2019-07-30,24.5098,164.153,139.6432
2019-07-31,-4.9916,114.4325,119.4241
2019-08-01,-11.508199999999999,155.4387,166.9469
2019-08-02,-68.1199,160.5419,228.6618
2019-08-05,-34.630300000000005,168.3251,202.9554
2019-08-06,-29.787300000000002,221.7376,251.5249
2019-08-07,-30.504299999999997,153.0284,183.5327
2019-08-08,25.4925,180.729,155.2365
2019-08-09,13.949000000000002,160.55100000000002,146.602
2019-08-12,22.3917,184.94080000000002,162.5491
2019-08-13,-24.3609,145.9221,170.283
2019-08-14,11.836500000000001,176.28779999999998,164.4513
2019-08-15,1.3724,174.2667,172.89430000000002
2019-08-16,-2.1734,185.0738,187.24720000000002
2019-08-19,78.4761,274.3202,195.8441
2019-08-20,-12.623299999999999,190.61630000000002,203.2396
2019-08-21,19.9941,174.6257,154.6316
2019-08-22,15.1533,175.95770000000002,160.80440000000002
2019-08-23,11.4877,196.58259999999999,185.09490000000002
2019-08-26,-30.3373,188.4451,218.78240000000002
2019-08-27,112.7098,477.7258,365.01599999999996
2019-08-28,-7.78410000000002,200.7998,208.5839
2019-08-29,3.83169999999998,195.3899,191.5582
2019-08-30,67.1955,270.2332,203.0377
2019-09-02,53.099,248.92919999999998,195.8302
2019-09-03,0.18659999999998,202.0445,201.8579
2019-09-04,49.7288,266.2133,216.4845
2019-09-05,91.83229999999999,333.7709,241.9386
2019-09-06,85.2392,280.6447,195.4055
2019-09-09,27.8546,240.3412,212.4866
2019-09-10,23.787399999999998,243.8931,220.10569999999998
2019-09-11,24.3202,253.0184,228.69819999999999
2019-09-12,32.9548,220.9545,187.99970000000002
2019-09-16,9.099400000000001,224.27599999999998,215.1766
2019-09-17,-5.182000000000009,207.9932,213.17520000000002
2019-09-18,39.213699999999996,213.0718,173.8581
2019-09-19,26.9258,196.1171,169.1913
2019-09-20,148.6234,466.75239999999997,318.129
2019-09-23,-15.3135,200.69709999999998,216.0106
2019-09-24,27.5172,211.92340000000002,184.40619999999998
2019-09-25,4.92959999999999,208.7489,203.8193
2019-09-26,24.9747,241.0253,216.0506
2019-09-27,3.185,176.7786,173.5936
2019-09-30,-6.35170000000001,160.7669,167.11860000000001
2019-10-08,17.4395,234.8705,217.43099999999998
2019-10-09,-22.168699999999998,174.5745,196.7432
2019-10-10,1.3633000000000002,206.75619999999998,205.3929
2019-10-11,37.2614,216.88029999999998,179.6189
2019-10-14,27.0163,219.3678,192.35150000000002
2019-10-15,36.7125,205.66369999999998,168.9512
2019-10-16,27.3642,202.65490000000003,175.2907
2019-10-17,17.3879,172.6582,155.27030000000002
2019-10-18,-12.4349,184.4359,196.87080000000003
2019-10-21,29.1477,180.2658,151.1181
2019-10-22,2.94849999999999,159.4905,156.542
2019-10-23,-18.0457,145.51059999999998,163.5563
2019-10-24,5.604200000000009,157.49450000000002,151.8903
2019-10-25,15.376700000000001,194.6341,179.25740000000002
2019-10-28,28.397,212.8441,184.44709999999998
2019-10-29,24.2363,205.7416,181.50529999999998
2019-10-30,28.9953,218.6656,189.6703
2019-10-31,73.8932,262.8874,188.99419999999998
2019-11-01,74.4927,251.81419999999997,177.32150000000001
2019-11-04,40.8483,218.47459999999998,177.62630000000001
2019-11-05,52.004799999999996,249.76229999999998,197.7575
2019-11-06,7.91069999999998,193.70680000000002,185.7961
2019-11-07,21.096,177.49630000000002,156.40030000000002
2019-11-08,13.6693,203.2631,189.59380000000002
2019-11-11,6.6995999999999905,184.9991,178.2995
2019-11-12,-0.1081,171.1474,171.25549999999998
2019-11-13,-17.630399999999998,157.1163,174.74669999999998
2019-11-14,12.110199999999999,172.17770000000002,160.0675
2019-11-15,16.8429,170.7651,153.9222
2019-11-18,14.590499999999999,159.45870000000002,144.8682
2019-11-19,25.243499999999997,188.23080000000002,162.9873
2019-11-20,1.8988,170.4587,168.55990000000003
2019-11-21,6.29129999999999,179.56490000000002,173.27360000000002
2019-11-22,9.4476,248.1465,238.69889999999998
2019-11-25,56.364,252.1135,195.7495
2019-11-26,214.3015,728.4319,514.1304
2019-11-27,24.2167,209.4585,185.2418
2019-11-28,17.3801,167.3411,149.961
2019-11-29,6.71,187.59330000000003,180.88330000000002
2019-12-02,27.104499999999998,173.75009999999997,146.6456
2019-12-03,34.566,184.2666,149.7006
2019-12-04,39.5756,204.81330000000003,165.23770000000002
2019-12-05,60.6456,210.2635,149.61790000000002
2019-12-06,43.6179,199.2473,155.6294
2019-12-09,33.9078,210.6699,176.7621
2019-12-10,29.5471,185.19819999999999,155.6511
2019-12-11,23.6794,197.8559,174.1765
2019-12-12,65.21770000000001,213.2937,148.076
2019-12-13,52.7059,334.7278,282.02189999999996
2019-12-16,7.000099999999979,245.43720000000002,238.4371
2019-12-17,88.06530000000001,332.5303,244.465
2019-12-18,44.831,270.44599999999997,225.615
2019-12-19,35.3637,233.1778,197.8141
2019-12-20,37.1532,264.8281,227.6749
2019-12-23,17.491500000000002,235.9425,218.451
2019-12-27,46.809,311.875,265.066
2019-12-30,44.279700000000005,284.4801,240.2004
2019-12-31,-1.6225000000000198,207.9123,209.5348
2020-01-02,101.47049999999999,362.2941,260.8236
2020-01-03,33.6085,296.8072,263.1987
2020-01-06,43.5521,346.7265,303.1744
2020-01-07,45.0696,320.10740000000004,275.0378
2020-01-08,14.2295,293.2199,278.9904
2020-01-09,75.5058,341.38910000000004,265.8833
2020-01-10,29.582399999999996,298.9432,269.36080000000004
2020-01-13,77.10470000000001,333.5904,256.4857
2020-01-14,34.2796,302.572,268.29240000000004
2020-01-15,10.441400000000002,271.6134,261.172
2020-01-16,38.465,295.8966,257.4316
2020-01-17,35.213499999999996,290.79540000000003,255.5819
2020-01-20,41.93,324.5315,282.6015
2020-01-21,-71.28020000000001,292.2379,363.5181
2020-01-22,-7.63910000000002,326.7015,334.3406
2020-01-23,-117.618,361.005,478.62300000000005
2020-02-03,181.8939,461.07230000000004,279.1784
2020-02-04,49.2017,536.3667,487.165
2020-02-05,-3.08139999999999,442.6336,445.715
2020-02-06,105.57959999999999,485.7337,380.1541
2020-02-07,-32.9928,346.3678,379.3606
2020-02-10,-32.7234,362.94910000000004,395.6725
2020-02-11,10.4352,357.93760000000003,347.50239999999997
2020-02-12,14.851099999999999,342.36510000000004,327.514
2020-02-13,7.91200000000003,364.1351,356.2231
2020-02-14,43.2275,344.92,301.6925
2020-02-17,53.623900000000006,400.0157,346.3918
2020-02-18,-53.904700000000005,332.16089999999997,386.06559999999996
2020-02-19,37.4464,406.4122,368.9658
2020-02-20,38.9792,444.8782,405.899
2020-02-21,-11.2008,430.7568,441.9576
2020-02-24,-87.0514,426.17650000000003,513.2279
2020-02-25,-48.3134,505.8363,554.1497
2020-02-26,-67.2689,507.1772,574.4461
2020-02-27,-39.405,462.2264,501.6314
2020-02-28,-51.368,541.3696,592.7376
2020-03-02,41.5201,537.8764,496.3563
2020-03-03,4.80289999999997,518.455,513.6521
2020-03-04,-7.8043,445.4137,453.218
2020-03-05,48.1062,526.1422,478.036
2020-03-06,-30.421100000000003,371.80260000000004,402.2237
2020-03-09,-143.1889,421.6996,564.8885
2020-03-10,30.9587,488.2054,457.2467
2020-03-11,-74.6503,378.0382,452.6885
2020-03-12,-83.8038,386.6135,470.4173
2020-03-13,-147.263,424.80480000000006,572.0678
2020-03-16,-98.0748,431.1879,529.2627
2020-03-17,-82.3803,401.68089999999995,484.06120000000004
2020-03-18,-71.9123,391.1394,463.0517
2020-03-19,-102.2035,414.2332,516.4367
2020-03-20,16.866300000000003,433.60830000000004,416.74199999999996
2020-03-23,-79.9926,326.3896,406.3822
2020-03-24,39.8714,383.2354,343.36400000000003
2020-03-25,25.038600000000002,387.2508,362.2122
2020-03-26,-13.575099999999999,299.151,312.72610000000003
2020-03-27,34.1373,344.18379999999996,310.04650000000004
2020-03-30,-1.2569000000000201,341.92830000000004,343.18519999999995
2020-03-31,16.4985,322.91200000000003,306.4135
2020-04-01,42.35,336.99370000000005,294.64369999999997
2020-04-02,43.3176,343.7789,300.4613
2020-04-03,-19.4318,278.1175,297.5493
2020-04-07,126.7376,447.81080000000003,321.0732
2020-04-08,-34.527,288.49830000000003,323.0253
2020-04-14,142.28979999999999,496.608,354.3182
2020-04-15,33.5439,341.3441,307.8002
2020-04-16,38.1451,320.2837,282.1386
2020-04-17,86.23629999999999,430.7184,344.4821
2020-04-20,0.49929999999999,304.0432,303.5439
2020-04-21,-27.525199999999998,280.9211,308.4463
2020-04-22,11.7806,299.494,287.7134
2020-04-23,6.91050000000001,302.4857,295.5752
2020-04-24,32.4975,293.5925,261.095
2020-04-27,39.3859,320.061,280.6751
2020-04-28,10.366900000000001,366.0279,355.661
2020-05-06,11.4035,513.4528,502.0493
2020-05-07,-31.4842,339.8786,371.3628
2020-05-08,48.6505,388.19120000000004,339.5407
2020-05-11,26.4756,377.4212,350.94559999999996
2020-05-12,17.4994,345.1921,327.69269999999995
2020-05-13,-2.04639999999999,294.1538,296.2002
2020-05-14,-13.248099999999999,274.8635,288.1116
2020-05-15,11.943800000000001,294.18580000000003,282.242
2020-05-18,34.0387,381.00989999999996,346.9712
2020-05-19,36.990500000000004,317.95169999999996,280.96119999999996
2020-05-20,20.3856,338.338,317.9524
2020-05-21,21.3103,317.0791,295.7688
2020-05-22,-33.2551,301.6237,334.87879999999996
2020-05-25,21.4531,274.27139999999997,252.81830000000002
2020-05-26,38.8548,291.8129,252.9581
2020-05-27,12.8847,294.7811,281.89639999999997
2020-05-28,28.1829,333.24760000000003,305.0647
2020-05-29,51.0717,438.3722,387.30050000000006
2020-06-01,104.8564,469.9693,365.1129
2020-06-02,19.2868,422.30300000000005,403.0162
2020-06-03,44.141999999999996,415.2786,371.13660000000004
2020-06-04,28.834699999999998,347.38559999999995,318.5509
2020-06-05,43.3946,321.183,277.7884
2020-06-08,6.1424,371.18660000000006,365.0442
2020-06-09,46.285,348.4714,302.1864
2020-06-10,4.2241,329.7187,325.4946
2020-06-11,1.4518,371.8718,370.42
2020-06-12,-8.95009999999998,433.5522,442.50230000000005
2020-06-15,-40.7018,400.0858,440.7876
2020-06-16,39.7039,397.38120000000004,357.67730000000006
2020-06-17,-27.2142,341.7174,368.93160000000006
2020-06-18,49.5657,411.4254,361.85970000000003
2020-06-19,182.33360000000002,658.7048,476.37120000000004
2020-06-22,21.8237,434.63870000000003,412.815
2020-06-23,7.5247999999999795,418.4683,410.9435
2020-06-24,18.5582,402.60400000000004,384.04580000000004
2020-06-29,-14.469000000000001,403.8646,418.3336
2020-07-02,171.1509,831.4258,660.2749
2020-07-03,131.9388,746.5275,614.5887
2020-07-06,136.5222,931.5257,795.0035
2020-07-07,98.4385,1005.0102,906.5717
2020-07-08,11.5329,819.1285,807.5956
2020-07-09,79.5141,838.808,759.2939
2020-07-10,-43.9312,750.6588,794.59
2020-07-13,68.5035000000001,846.4888000000001,777.9852999999999
2020-07-14,-173.84150000000002,754.1228,927.9643
2020-07-15,-27.0562,776.3208999999999,803.3771
2020-07-16,-69.2036,865.5684,934.7719999999999
2020-07-17,10.4342,734.8214,724.3872
2020-07-20,-58.9896,722.6003,781.5899000000001
2020-07-21,-30.112399999999997,677.6794,707.7918
2020-07-22,41.702600000000004,726.9302,685.2275999999999
2020-07-23,-36.536100000000005,687.5648,724.1008999999999
2020-07-24,-163.57389999999998,735.5777,899.1516
2020-07-27,-15.1432,618.6203,633.7635
2020-07-28,-22.328000000000003,555.8794,578.2074
2020-07-29,77.3135,677.8248,600.5113
2020-07-30,-63.3808,561.5136,624.8944
2020-07-31,-19.0316,635.8149,654.8465
2020-08-03,-1.95279999999999,640.9808,642.9336
2020-08-04,21.366500000000002,656.1746,634.8081
2020-08-05,-19.8107,580.7533,600.564
2020-08-06,-25.4751000000001,620.1722,645.6473000000001
2020-08-07,-18.6227,616.4428,635.0655
2020-08-10,0.07369999999999,586.7111,586.6374
2020-08-11,39.4822,622.8741,583.3919000000001
2020-08-12,-16.3774,631.4497,647.8271
2020-08-13,-20.8217,479.0531,499.87480000000005
2020-08-14,64.2907,501.4372,437.1465
2020-08-17,57.1343,656.6553,599.521
2020-08-18,-20.377200000000002,575.1548,595.5319999999999
2020-08-19,-61.3363,317.155,378.49129999999997
2020-08-20,-28.3248,539.3755,567.7003
2020-08-21,11.2679,497.395,486.1271
2020-08-24,19.4732,550.5262,531.053
2020-08-25,17.3802,509.657,492.2768
2020-08-26,-11.7728,524.4594999999999,536.2323
2020-08-27,-10.0498,451.3525,461.4023
2020-08-28,64.42779999999999,585.5383,521.1105
2020-08-31,-80.2601999999999,657.0695,737.3297
2020-09-01,-2.99930000000004,462.4965,465.49580000000003
2020-09-02,-66.1426,478.67589999999996,544.8185
2020-09-03,-10.0382,499.2564,509.2946
2020-09-04,-63.1761,435.3276,498.50370000000004
2020-09-07,-54.6539,510.56480000000005,565.2187
2020-09-08,63.5066,515.9402,452.4336
2020-09-09,-37.5816,504.54580000000004,542.1274
2020-09-10,9.988699999999989,490.404,480.4153
2020-09-11,12.9093,430.2336,417.3243
2020-09-14,-31.4333,421.98080000000004,453.4141
2020-09-15,33.2117,429.4117,396.2
2020-09-16,7.420099999999979,452.2407,444.82059999999996
2020-09-17,4.39010000000002,439.6407,435.25059999999996
2020-09-18,94.73559999999999,611.9922,517.2566
2020-09-21,-64.9577,397.9615,462.9192
2020-09-22,-20.0179,394.42220000000003,414.44010000000003
2020-09-23,-27.528200000000002,364.38349999999997,391.9117
2020-09-24,-121.6786,357.4457,479.1243
2020-09-25,-12.9201,344.8359,357.756
2020-09-28,-10.7894,332.25769999999994,343.0471
2020-09-29,-0.93939999999999,354.2298,355.1692
2020-09-30,-29.039099999999998,364.2822,393.32129999999995
2020-10-09,112.6684,599.5793,486.91089999999997
2020-10-12,135.0999,654.8656,519.7657
2020-10-14,-15.546800000000001,577.4201,592.9669
2020-10-15,-3.33139999999996,426.86690000000004,430.1983
2020-10-16,-5.02889999999999,430.6161,435.645
2020-10-19,-32.4304,406.8618,439.29220000000004
2020-10-20,-11.1252,378.9764,390.1016
2020-10-21,-69.22399999999999,356.2247,425.44870000000003
2020-10-22,-27.478099999999998,368.3354,395.8135
2020-10-27,-46.369099999999996,463.8808,510.24989999999997
2020-10-28,1.8637000000000299,430.2129,428.3492
2020-10-29,17.8639,474.7424,456.8785
2020-10-30,-56.734399999999994,494.91900000000004,551.6533999999999
2020-11-02,30.804699999999997,500.52660000000003,469.7219
2020-11-03,31.213800000000003,485.3018,454.088
2020-11-04,2.35970000000001,417.82019999999994,415.4605
2020-11-05,109.97139999999999,534.9017,424.9303
2020-11-06,39.8098,532.4975,492.68769999999995
2020-11-09,196.9918,710.3084,513.3166
2020-11-10,-41.0979,546.863,587.9608999999999
2020-11-11,-9.29809999999998,536.6777999999999,545.9758999999999
2020-11-12,-5.06800000000003,454.1803,459.24830000000003
2020-11-13,-49.397299999999994,445.05260000000004,494.44989999999996
2020-11-16,25.894899999999996,475.3679,449.473
2020-11-17,0.53330000000002,502.1915,501.6582
2020-11-18,-0.1418,498.48980000000006,498.63160000000005
2020-11-19,4.384799999999959,431.8904,427.50559999999996
2020-11-20,24.433200000000003,418.1283,393.6951
2020-11-23,100.51180000000001,570.7269,470.2151
2020-11-24,-1.375,454.99519999999995,456.37019999999995
2020-11-25,-15.6883,456.7693,472.4576
2020-11-26,60.28939999999999,447.1074,386.81800000000004
2020-11-27,24.7648,408.1914,383.4266
2020-11-30,49.3945,755.8951,706.5006
2020-12-01,162.9281,622.1571,459.22900000000004
2020-12-02,-40.248400000000004,487.5872,527.8356
2020-12-03,35.9442000000001,479.1664,443.2222
2020-12-04,37.3851,443.75949999999995,406.37440000000004
2020-12-07,-11.601199999999999,427.1961,438.7973
2020-12-08,66.7565,426.5897,359.8332
2020-12-09,38.899,440.80519999999996,401.9062
2020-12-10,15.216099999999999,425.1203,409.9042
2020-12-11,-39.678200000000004,514.8608,554.539
2020-12-14,2.2281999999999997,412.3147,410.0865
2020-12-15,-3.50110000000001,441.0994,444.6005
2020-12-16,19.1542,397.05199999999996,377.89779999999996
2020-12-17,80.578,504.1128,423.5348
2020-12-18,-13.6241,493.35220000000004,506.9763
2020-12-21,78.6074,516.4235,437.8161
2020-12-22,-35.8569,484.3252,520.1821
2020-12-23,43.3861,503.6969,460.31080000000003
2020-12-28,-4.08140000000003,543.5577,547.6391
2020-12-29,44.711999999999996,508.2209,463.5089
2020-12-30,64.4008,521.3977,456.99690000000004
2020-12-31,30.784299999999998,551.836,521.0517
2021-01-04,-5.4191000000000304,673.2641,678.6832
2021-01-05,-44.4437000000001,747.1939,791.6375999999999
2021-01-06,2.35919999999998,702.5237,700.1645
2021-01-07,32.630700000000004,715.557,682.9263000000001
2021-01-08,206.1462,902.3839999999999,696.2378
2021-01-11,8.935800000000091,776.982,768.0462
2021-01-12,84.4484,708.702,624.2536
2021-01-13,27.1215,769.1997,742.0782
2021-01-14,51.0704,747.7787,696.7083
2021-01-15,8.013399999999969,746.6764,738.663
2021-01-18,16.3659,634.9652,618.5993
2021-01-19,9.18460000000003,702.546,693.3614
2021-01-20,33.9425,613.3391,579.3966
2021-01-21,56.7791,690.2425999999999,633.4635
2021-01-22,-20.1978,640.9021,661.0999
2021-01-25,19.31,753.0866000000001,733.7766
2021-01-26,-35.412,653.1531,688.5650999999999
2021-01-27,-12.5473,601.5697,614.117
2021-01-28,-64.0457,571.0246,635.0703
2021-01-29,25.3283,647.8053,622.477
2021-02-01,34.592,576.8002,542.2082
2021-02-02,32.8087,633.5054,600.6967
2021-02-03,34.2298999999999,652.6487000000001,618.4187999999999
2021-02-04,67.7057,676.5617,608.856
2021-02-05,83.92530000000001,652.4775,568.5522
2021-02-08,79.297,649.4222,570.1252
2021-02-09,26.2361,601.7291,575.493
2021-02-10,-17.8018,604.9846,622.7864
2021-02-18,50.73479999999999,880.4428,829.7080000000001
2021-02-19,95.5262000000001,822.7488000000001,727.2225999999999
2021-02-22,-11.1395,807.6239,818.7633999999999
2021-02-23,6.5076999999999705,710.4569,703.9492
2021-02-24,-6.73239999999998,775.6621,782.3945
2021-02-25,-7.324500000000009,677.8767999999999,685.2013000000001
2021-02-26,-56.320600000000006,757.8897999999999,814.2103999999999
2021-03-01,37.8646000000001,616.4429,578.5783
2021-03-02,-67.9062,599.8987000000001,667.8049000000001
2021-03-03,90.103,594.0263,503.92330000000004
2021-03-04,-73.6914,622.7090000000001,696.4004
2021-03-05,5.26699999999997,640.2046,634.9376
2021-03-08,-85.88850000000001,592.6485,678.5369999999999
2021-03-09,24.3104,763.1466,738.8362
2021-03-10,52.25020000000001,603.2294,550.9792
2021-03-11,67.194,597.1032,529.9091999999999
2021-03-12,8.27149999999998,572.7377,564.4662000000001
2021-03-15,36.8698,588.4958,551.626
2021-03-16,55.7237,522.072,466.3483
2021-03-17,1.64730000000003,490.73839999999996,489.0911
2021-03-18,33.1541,506.9122,473.75809999999996
2021-03-19,-40.3157,578.9482,619.2639
2021-03-22,71.63119999999999,536.6617,465.0305
2021-03-23,-71.8391,448.96139999999997,520.8005
2021-03-24,50.0575,512.8118,462.7543
2021-03-25,27.485100000000003,465.9935,438.50839999999994
2021-03-26,64.3014,562.6191,498.31769999999995
2021-03-29,-58.4246,476.81940000000003,535.244
2021-03-30,38.072199999999995,491.7917,453.7195
2021-03-31,-79.0316,417.30449999999996,496.3361
2021-04-07,-28.1583,545.2171,573.3754
2021-04-08,-17.0292,417.2209,434.25010000000003
2021-04-09,-8.07149999999998,394.0247,402.0962
2021-04-12,43.0422,469.53430000000003,426.4921
2021-04-13,84.7105,467.9098,383.1993
2021-04-14,57.3138,428.0733,370.75949999999995
2021-04-15,-9.50110000000001,383.0516,392.55269999999996
2021-04-16,71.5256,447.25440000000003,375.7288
2021-04-19,163.1568,580.8941,417.7373
2021-04-20,-4.97479999999996,455.5072,460.48199999999997
2021-04-21,-10.5671,410.79290000000003,421.36
2021-04-22,-15.966800000000001,425.5947,441.5615
2021-04-23,78.5946,487.68269999999995,409.0881
2021-04-26,32.041,536.5004,504.4594
2021-04-27,35.1235,460.5122,425.38870000000003
2021-04-28,20.0792,470.13410000000005,450.0549
2021-04-29,50.876400000000004,525.0998000000001,474.22339999999997
2021-04-30,-16.122,577.4896,593.6116000000001
2021-05-06,1.84290000000001,663.8964,662.0535000000001
2021-05-07,3.8044000000000198,565.5744,561.77
2021-05-10,45.2668,517.1555999999999,471.88879999999995
2021-05-11,-47.8075,474.2819,522.0894000000001
2021-05-12,-4.2811999999999895,428.88620000000003,433.1674
2021-05-13,-56.3952,405.6157,462.0109
2021-05-14,90.3354,533.3719,443.0365
2021-05-17,25.7803,516.5733,490.793
2021-05-20,-15.2457,549.744,564.9897
2021-05-21,-5.78310000000005,455.7802,461.5633
2021-05-24,18.8623,451.18620000000004,432.3239
2021-05-25,217.2333,720.4636999999999,503.23040000000003
2021-05-26,91.0324,559.2919,468.25949999999995
2021-05-27,146.2735,769.574,623.3005
2021-05-28,-5.26250000000004,535.144,540.4065
2021-05-31,52.108000000000004,552.0425,499.93449999999996
2021-06-01,11.0267,545.7891000000001,534.7624
2021-06-02,-20.1384,491.2022,511.3406
2021-06-03,15.211400000000001,493.5457,478.3343
2021-06-04,30.6697,538.7005,508.0308
2021-06-07,-39.7177,447.99019999999996,487.7079
2021-06-08,3.0082,542.8888,539.8806
2021-06-09,28.1373,486.30620000000005,458.1689
2021-06-10,68.203,572.3899,504.18690000000004
2021-06-11,-30.320700000000002,680.0817,710.4024000000001
2021-06-15,-51.536899999999996,521.745,573.2819000000001
2021-06-16,-4.05169999999998,532.9286,536.9802999999999
2021-06-17,15.937100000000001,501.1847,485.24760000000003
2021-06-18,-10.3981,632.1141,642.5122
2021-06-21,-20.0913,555.2223,575.3136
2021-06-22,-24.129499999999997,541.5919,565.7214
2021-06-23,81.98479999999999,620.4263,538.4415
2021-06-24,30.971799999999998,540.8148,509.843
2021-06-25,141.0305,659.9600999999999,518.9295999999999
2021-06-28,-40.5531,277.218,317.7711
2021-06-29,-31.3922,527.8593,559.2515
2021-07-02,-86.0252,626.9678,712.993
2021-07-05,59.189499999999995,593.6375,534.448
2021-07-06,-0.60160000000004,651.8322000000001,652.4338
2021-07-07,43.7267,629.8462999999999,586.1196
2021-07-08,-17.0106,633.2411,650.2517
2021-07-09,-2.11239999999998,645.4341000000001,647.5465
2021-07-12,16.4204,681.01,664.5896
2021-07-13,25.7879,667.5446000000001,641.7567
2021-07-14,-108.05850000000001,622.1267,730.1852
2021-07-15,123.9817,714.6850999999999,590.7034
2021-07-16,-41.444399999999995,626.9148,668.3592
2021-07-19,43.741400000000006,665.5416,621.8002
2021-07-20,30.6383,565.6212,534.9829
2021-07-21,31.171799999999998,644.7274,613.5556
2021-07-22,59.266400000000104,695.0017,635.7352999999999
2021-07-23,-46.594899999999996,674.1475999999999,720.7425
2021-07-26,-128.0173,780.1197999999999,908.1371
2021-07-27,-41.718900000000005,851.8489,893.5678
2021-07-28,80.5282,899.9513000000001,819.4231
2021-07-29,42.2796000000001,797.1686,754.8889999999999
2021-07-30,22.4716,778.1156,755.6439999999999
2021-08-02,51.8385999999999,885.3336999999999,833.4951
2021-08-03,17.991499999999903,788.7172999999999,770.7258
2021-08-04,55.4574,729.4371000000001,673.9797
2021-08-05,-19.6531999999999,661.0014,680.6546000000001
2021-08-06,-4.74400000000001,630.3955000000001,635.1395
2021-08-09,44.661300000000004,695.4069000000001,650.7456
2021-08-10,10.4171,696.905,686.4879
2021-08-11,-28.152600000000003,613.2925,641.4451
2021-08-12,-1.7832,597.3129,599.0961
2021-08-13,-12.380899999999999,608.8487,621.2296
2021-08-16,62.016099999999994,618.0357,556.0196
2021-08-17,14.7411,675.632,660.8909
2021-08-18,34.3250000000001,663.2581,628.9331
2021-08-19,-107.8313,604.4407,712.2719999999999
2021-08-20,-108.1602,671.1792999999999,779.3394999999999
2021-08-23,18.3131,666.2064999999999,647.8933999999999
2021-08-24,53.1504,728.7586,675.6082000000001
2021-08-25,34.1864999999999,664.0437,629.8572
2021-08-26,12.2906,666.3632000000001,654.0726
2021-08-27,62.0304,658.8525,596.8221
2021-08-30,18.8674,764.8171000000001,745.9497
2021-08-31,61.46979999999999,906.5702,845.1003999999999
2021-09-01,76.88,970.7487,893.8687
2021-09-02,51.369,814.21,762.841
2021-09-03,70.6805,854.3685,783.688
2021-09-06,33.8064999999999,800.2794,766.4729
2021-09-07,60.686099999999996,700.4903999999999,639.8043
2021-09-08,-16.1795,683.7551,699.9346
2021-09-09,26.1515000000001,676.4784,650.3269
2021-09-10,36.189299999999896,779.5097999999999,743.3205
2021-09-13,-38.2436,658.0075,696.2511
2021-09-14,-41.282700000000006,698.8771,740.1597999999999
2021-09-15,21.395100000000003,670.8488000000001,649.4537
2021-09-16,-30.141599999999997,790.8602999999999,821.0019
2021-09-23,-43.0912,788.7366000000001,831.8278
2021-09-24,27.304899999999996,700.8988,673.5939
2021-09-27,14.7705,758.3092999999999,743.5388
2021-09-28,47.8591,633.2724,585.4133
2021-09-29,-2.6682,628.5802,631.2484
2021-09-30,9.70459999999999,569.6591000000001,559.9544999999999
2021-10-08,-25.7175999999999,735.1499,760.8675
2021-10-11,1.8723999999999799,559.714,557.8416000000001
2021-10-12,-13.7851,562.4451,576.2302
2021-10-15,26.9263,705.4414,678.5151
2021-10-18,-80.1845,527.6183,607.8027999999999
2021-10-19,39.0648,530.0308,490.966
2021-10-20,40.7945,529.9272,489.13269999999994
2021-10-21,101.5399,570.0198,468.4799
2021-10-22,131.8158,595.6465000000001,463.8307
2021-10-25,8.94189999999999,545.378,536.4361
2021-10-26,8.4534,556.4054,547.952
2021-10-27,-30.4237,557.1783,587.602
2021-10-28,71.7185,648.4671,576.7486
2021-10-29,47.379799999999996,725.6734,678.2936
2021-11-01,7.111899999999991,664.7757,657.6638
2021-11-02,23.6503000000001,685.1094,661.4591
2021-11-03,7.31459999999996,567.6662,560.3516000000001
2021-11-04,12.0539,543.6159,531.562
2021-11-05,-5.9895999999999905,518.4522000000001,524.4418000000001
2021-11-08,-10.0252,506.2899,516.3151
2021-11-09,-21.156399999999998,449.2225,470.3789
2021-11-10,-118.0978,496.4433,614.5411
2021-11-11,86.0974,557.8552999999999,471.7579
2021-11-12,36.2705,510.92550000000006,474.655
2021-11-15,33.8242,540.582,506.7578
2021-11-16,41.993100000000005,539.2941000000001,497.301
2021-11-17,-2.37870000000003,456.13339999999994,458.5121
2021-11-18,-44.5279,438.8312,483.3591
2021-11-19,82.9251,537.4551,454.53
2021-11-22,14.3527,525.7724,511.41970000000003
2021-11-23,52.226800000000004,559.96,507.7332
2021-11-24,23.6967,500.56440000000003,476.86769999999996
2021-11-25,11.715499999999999,452.586,440.87050000000005
2021-11-26,-44.88890000000001,451.0985,495.9874
2021-11-29,32.8422,569.6651,536.8229
2021-11-30,-34.1064,754.2723,788.3787
2021-12-01,30.0093,553.0283000000001,523.019
2021-12-02,30.2125,546.7223,516.5098
2021-12-03,92.2104,600.7477,508.5373
2021-12-06,3.9513999999999903,577.7105,573.7591
2021-12-07,79.4946,667.398,587.9033999999999
2021-12-08,96.8476,607.3054,510.45779999999996
2021-12-09,216.56310000000002,765.8897999999999,549.3267
2021-12-10,91.48360000000001,839.8591,748.3755
2021-12-13,53.656400000000005,691.5051,637.8487
2021-12-14,60.2593,560.4748999999999,500.2156
2021-12-15,7.51689999999999,503.6693,496.1524
2021-12-16,58.8455,552.5092,493.6637
2021-12-17,-65.612,642.5984,708.2103999999999
2021-12-20,-9.70760000000002,580.385,590.0926000000001
2021-12-21,-9.970099999999979,484.6062,494.57629999999995
2021-12-22,-17.4491,462.7295,480.1786
2021-12-23,24.9186,480.3513,455.43269999999995
2021-12-28,12.9255,551.4994,538.5739
2021-12-29,6.61899999999998,495.3761,488.7571
2021-12-30,81.4141,514.4418000000001,433.0277
2021-12-31,45.7302,463.1067,417.3765
2022-01-04,4.60160000000003,684.8765,680.2749
2022-01-05,30.4631,673.8272999999999,643.3642
2022-01-06,-66.3795,572.9784,639.3579
2022-01-07,93.34629999999999,652.0473000000001,558.701
2022-01-10,47.5756,615.0458,567.4702
2022-01-11,-40.2641,558.1321,598.3962
2022-01-12,70.1779,619.376,549.1981
2022-01-13,-5.85459999999999,556.3842,562.2388
2022-01-14,2.81970000000001,590.514,587.6943
2022-01-17,17.0662,549.3269,532.2607
2022-01-18,23.3508,566.9172,543.5664
2022-01-19,38.211999999999996,579.5681,541.3561
2022-01-20,125.76469999999999,668.7981,543.0333999999999
2022-01-21,87.57809999999999,640.8897000000001,553.3116
2022-01-24,34.5233,532.0448,497.5215
2022-01-25,-35.7358,533.6616,569.3974
2022-01-26,11.3936,511.61,500.2164
2022-01-27,-146.2353,456.97,603.2053
2022-01-28,-124.6586,502.76309999999995,627.4217
2022-02-07,55.516999999999996,613.5906,558.0736
2022-02-08,-8.1718,567.0631,575.2348999999999
2022-02-09,4.84289999999997,545.6098000000001,540.7669000000001
2022-02-10,45.204899999999995,553.7365,508.5316
2022-02-11,10.0494,572.0244,561.975
2022-02-14,-37.884,478.23760000000004,516.1216000000001
2022-02-15,-35.4439,452.32620000000003,487.7701
2022-02-16,-16.2341,379.3428,395.5769
2022-02-17,17.2003,435.7571,418.5568
2022-02-18,48.375,417.0739,368.6989
2022-02-21,-35.2141,362.15160000000003,397.3657
2022-02-22,-73.3974,413.5885,486.98589999999996
2022-02-23,14.2172,454.3473,440.1301
2022-02-24,-33.579499999999996,578.4338,612.0133000000001
2022-02-25,63.8465,540.432,476.5855
2022-02-28,20.471500000000002,528.8024,508.3309
2022-03-01,32.7626,483.29949999999997,450.5369
2022-03-02,-7.755700000000001,409.61949999999996,417.37519999999995
2022-03-03,-7.30849999999999,443.705,451.01349999999996
2022-03-04,4.57390000000003,507.36870000000005,502.7948
2022-03-07,-82.712,535.0790000000001,617.7909999999999
2022-03-08,-86.9896,589.6789,676.6685000000001
2022-03-09,-109.34450000000001,608.5701,717.9146000000001
2022-03-10,-33.7396,522.6346,556.3742
2022-03-11,-50.4177,536.1982,586.6159
2022-03-14,-144.0822,450.24019999999996,594.3224
2022-03-15,-160.2449,578.4823,738.7272
2022-03-16,-0.82300000000007,678.9888000000001,679.8118
2022-03-17,53.653,708.2767,654.6237
2022-03-18,84.57420000000009,774.7429,690.1687
2022-03-21,-84.18610000000001,430.57629999999995,514.7624
2022-03-22,-9.21780000000003,400.5029,409.7207
2022-03-23,-1.93609999999997,413.6994,415.63550000000004
2022-03-24,-1.2748999999999802,384.741,386.0159
2022-03-25,-31.1743,375.6511,406.8254
2022-03-28,50.30350000000001,435.2449,384.9414
2022-03-29,-3.28099999999999,390.8931,394.1741
2022-03-30,127.2561,517.7330999999999,390.477
2022-03-31,10.534500000000001,441.2263,430.6918
2022-04-01,44.2089,456.2593,412.0504
2022-04-06,-53.210100000000004,441.86620000000005,495.07629999999995
2022-04-07,-6.085499999999991,441.0242,447.10970000000003
2022-04-08,-6.27420000000002,424.00370000000004,430.2779
2022-04-11,-57.6163,450.4957,508.11199999999997
2022-04-12,91.3704,550.3919999999999,459.02160000000003
2022-04-13,-4.97619999999999,450.0134,454.9896
2022-04-19,-19.4362,525.4979,544.9341000000001
2022-04-20,-52.8772,451.8639,504.7411
2022-04-21,9.1098,493.968,484.8582
2022-04-22,67.6497,537.6632,470.01349999999996
2022-04-25,-43.9732,549.1134999999999,593.0867
2022-04-26,15.4291,573.9128,558.4837
2022-04-27,43.59479999999999,641.5924,597.9976
2022-04-28,-6.365600000000049,553.5272,559.8928
2022-04-29,42.455600000000004,644.3480000000001,601.8924
2022-05-05,-23.6228,552.012,575.6348
2022-05-10,-89.2581000000001,582.3446,671.6027
2022-05-11,22.277199999999997,548.9427,526.6655000000001
2022-05-12,-27.027600000000003,386.0111,413.0387
2022-05-13,20.7861,376.7982,356.0121
2022-05-16,-78.26060000000001,342.4749,420.7355
2022-05-17,59.600500000000004,398.4114,338.81089999999995
2022-05-18,-22.7744,346.0043,368.7787
2022-05-19,51.2504,400.6867,349.43629999999996
2022-05-20,142.3606,535.8646,393.504
2022-05-23,-57.4384,356.01,413.4484
2022-05-24,-95.4914,414.5238,510.0152
2022-05-25,34.0941,389.2771,355.18300000000005
2022-05-26,-15.9727,413.42260000000005,429.39529999999996
2022-05-27,39.0061,424.415,385.4089
2022-05-30,70.4874,448.02160000000003,377.5342
2022-05-31,138.6548,712.314,573.6591999999999
2022-06-01,12.474,448.3067,435.8327
2022-06-02,31.8261,434.0136,402.1875
2022-06-06,112.54690000000001,607.5912000000001,495.0443
2022-06-07,46.07020000000001,548.5787,502.50849999999997
2022-06-08,57.671800000000005,566.1032,508.4314
2022-06-09,35.7941,517.6412,481.8471
2022-06-10,116.22030000000001,766.4630999999999,650.2428
2022-06-13,-135.1919,494.23150000000004,629.4234
2022-06-14,39.4444,606.6901,567.2456999999999
2022-06-15,133.592,759.7739,626.1819
2022-06-16,44.5203,594.6659999999999,550.1457
2022-06-17,91.6752,680.6488,588.9736
2022-06-20,-97.03290000000001,551.7611,648.794
2022-06-21,-10.6227,537.4111,548.0337999999999
2022-06-22,-68.20020000000001,488.44419999999997,556.6444
2022-06-23,120.3274,576.6687999999999,456.3414
2022-06-24,96.17290000000001,619.8943,523.7214
2022-06-27,72.6547,625.5735,552.9187999999999
2022-06-28,46.4815,579.5617,533.0802
2022-06-29,-16.8253,629.8867,646.712
2022-07-04,45.015,645.3738,600.3588
2022-07-05,-13.4847,610.1535,623.6382
2022-07-06,-13.8260000000001,582.4588,596.2848
2022-07-07,5.54099999999999,513.7348000000001,508.19379999999995
2022-07-08,12.3585,579.3543,566.9958
2022-07-11,-10.6843,525.6546,536.3389
2022-07-12,-42.5097,528.8601,571.3698
2022-07-13,-68.741,502.68519999999995,571.4262
2022-07-14,-9.16809999999998,546.8759,556.044
2022-07-15,-89.3053,557.4983,646.8036
2022-07-18,35.5158,547.7289,512.2130999999999
2022-07-19,-98.5852,435.6197,534.2049
2022-07-20,36.7802,431.7482,394.968
2022-07-21,-27.5217,452.0825,479.6042
2022-07-22,16.445999999999998,477.1154,460.6694
2022-07-25,-33.850500000000004,409.1067,442.9572
2022-07-26,72.5675,438.8182,366.2507
2022-07-27,-37.3815,369.4921,406.8736
2022-07-28,27.3335,469.69660000000005,442.3631
2022-07-29,-17.1896,481.0267,498.2163
2022-08-01,23.9824,479.0103,455.0279
2022-08-02,-23.1121,559.8337,582.9458
2022-08-03,-10.493599999999999,560.6777999999999,571.1714
2022-08-04,-32.048899999999996,464.0772,496.1261
2022-08-05,29.339299999999998,513.5607,484.2214
2022-08-08,-10.7492,459.6128,470.36199999999997
2022-08-09,-22.1222,423.69379999999995,445.816
2022-08-10,-62.3649,403.9871,466.352
2022-08-11,132.9533,552.1173,419.164
2022-08-12,38.782,461.0856,422.3036
2022-08-15,10.8675,492.2627,481.3952
2022-08-16,8.67490000000002,487.6517,478.9768
2022-08-17,68.72,540.2093,471.4893
2022-08-18,-46.1275,432.3302,478.4577
2022-08-19,17.127,555.8356,538.7086
2022-08-22,43.2477,547.5376,504.2899
2022-08-23,-92.28059999999999,456.2001,548.4807
2022-08-24,-66.1469,532.6954000000001,598.8423
2022-08-25,16.7051,344.3596,327.6545
2022-08-26,51.5133,547.2476,495.7343
2022-08-29,21.4523,509.2981,487.8458
2022-08-30,-49.798100000000005,469.3951,519.1932
2022-08-31,79.0047000000001,751.8389999999999,672.8343
2022-09-01,-8.41760000000002,470.0387,478.4563
2022-09-02,-37.8291,429.63980000000004,467.4689
2022-09-05,-76.1499,411.8342,487.9841
2022-09-06,-38.9912,443.10589999999996,482.0971
2022-09-07,-33.7362,430.4806,464.2168
2022-09-08,-0.86590000000004,398.1056,398.9715
2022-09-09,147.5323,541.9238,394.3915
2022-09-13,39.7118,491.8024,452.0906
2022-09-14,-14.1425,393.3304,407.4729
2022-09-15,-41.330299999999994,518.9448,560.2751000000001
2022-09-16,-45.123400000000004,580.2053,625.3287
2022-09-19,16.0271,433.55699999999996,417.5299
2022-09-20,-5.22730000000003,391.8804,397.10769999999997
2022-09-21,-30.5981,388.93199999999996,419.5301
2022-09-22,-36.4856,362.9853,399.4709
2022-09-23,-5.05590000000004,400.69800000000004,405.7539
2022-09-26,42.7658,442.9853,400.2195
2022-09-27,32.7247,453.93,421.20529999999997
2022-09-28,-38.3956,391.25339999999994,429.649
2022-09-29,34.2908,422.9843,388.6935
2022-09-30,-13.01,387.37440000000004,400.3844
2022-10-10,14.3069,504.5334,490.2265
2022-10-11,-12.441600000000001,437.37370000000004,449.8153
2022-10-12,-58.7558,479.68230000000005,538.4381
2022-10-13,-80.3494,406.91839999999996,487.26779999999997
2022-10-14,74.7199,548.992,474.27209999999997
2022-10-17,-44.246700000000004,422.7298,466.9765
2022-10-18,-37.565799999999996,397.89230000000003,435.4581
2022-10-19,-60.0228,385.7565,445.7793
2022-10-20,-62.233900000000006,478.04580000000004,540.2797
2022-10-21,-89.2272,398.68730000000005,487.9145
2022-10-24,-179.11520000000002,512.7064,691.8216
2022-10-25,28.4492,576.9453,548.4961
2022-10-26,34.3271,572.7812,538.4541
2022-10-27,9.590100000000021,554.3053,544.7152
2022-10-28,-20.3151,567.1016999999999,587.4168
2022-10-31,-90.1209,599.749,689.8699
2022-11-01,61.5457,663.6975,602.1518
2022-11-02,-75.81729999999999,409.18739999999997,485.0047
2022-11-03,-45.6491,456.1979,501.847
2022-11-04,99.9271999999999,615.02,515.0928
2022-11-07,-40.3161,469.7853,510.1014
2022-11-08,-37.9371,408.33639999999997,446.2735
2022-11-09,-6.8382000000000005,386.2175,393.0557
2022-11-10,-7.572599999999979,418.029,425.6016
2022-11-11,146.6607,706.6024000000001,559.9417
2022-11-14,166.01930000000002,751.4597,585.4404
2022-11-15,81.5423,626.212,544.6697
2022-11-16,9.98349999999995,488.85540000000003,478.87190000000004
2022-11-17,14.087200000000001,458.8147,444.7275
2022-11-18,51.199799999999996,504.12660000000005,452.9268
2022-11-21,-20.4554,410.6549,431.1103
2022-11-22,-7.590800000000019,426.506,434.09680000000003
2022-11-23,15.6522,463.73940000000005,448.0872
2022-11-24,12.357999999999999,376.524,364.166
2022-11-25,74.5146,416.74019999999996,342.2256
2022-11-28,-37.5961,468.5965,506.1926
2022-11-29,98.0569,606.9365,508.8796
2022-11-30,49.1738,691.1872,642.0133999999999
2022-12-01,114.4957,683.8629,569.3672
2022-12-02,40.940599999999996,467.7288,426.7882
2022-12-05,58.9344,584.245,525.3106
2022-12-06,5.4091,554.7332,549.3241
2022-12-07,2.73479999999996,553.1465000000001,550.4117
2022-12-08,1.13620000000003,458.9064,457.7702
2022-12-09,-2.7149000000000503,755.0998,757.8147
2022-12-12,-43.376400000000004,468.1975,511.5739
2022-12-13,-9.46540000000001,433.7002,443.1656
2022-12-14,16.5171,443.3754,426.85830000000004
2022-12-15,49.358900000000006,443.4694,394.1105
2022-12-16,43.6153,451.6012,407.98589999999996
2022-12-19,-14.9145,391.55699999999996,406.4715
2022-12-20,11.5601,414.9051,403.345
2022-12-21,18.7393,329.73220000000003,310.9929
2022-12-22,28.1454,393.3506,365.2052
2022-12-28,39.1833,450.0265,410.8432
2022-12-29,-11.0987,329.5295,340.6282
2022-12-30,0.9311000000000099,331.11650000000003,330.1854
2023-01-03,-6.45,438.18519999999995,444.63519999999994
2023-01-04,18.442,429.305,410.86300000000006
2023-01-05,127.5333,551.5836,424.0503
2023-01-06,60.662600000000005,493.2399,432.57730000000004
2023-01-09,77.003,508.668,431.665
2023-01-10,58.0124,465.4023,407.38989999999995
2023-01-11,76.1421,480.95419999999996,404.8121
2023-01-12,95.4478,495.43199999999996,399.9842
2023-01-13,133.3612,561.0085,427.64730000000003
2023-01-16,158.42690000000002,680.7777000000001,522.3508
2023-01-17,92.8797,492.5111,399.6314
2023-01-18,47.3539,411.4599,364.106
2023-01-19,93.9331,469.4028,375.4697
2023-01-20,92.56459999999998,519.1734,426.6088
2023-01-30,186.1432,851.24,665.0967999999999
2023-01-31,101.44149999999999,652.3114,550.8699
2023-02-01,69.7374,578.1333999999999,508.39599999999996
2023-02-02,26.9348,545.1495,518.2147
2023-02-03,-42.463,458.7882,501.25120000000004
2023-02-06,-5.433999999999981,471.0743,476.5083
2023-02-07,-38.6092,407.5782,446.18739999999997
2023-02-08,-13.889100000000001,377.4556,391.3447
2023-02-09,121.0055,497.9056,376.9001
2023-02-10,-33.7427,401.728,435.4707
2023-02-13,6.92299999999999,492.61589999999995,485.6929
2023-02-14,5.98760000000002,431.4464,425.4588
2023-02-15,-18.6351,421.54510000000005,440.18019999999996
2023-02-16,67.943,611.1492,543.2062000000001
2023-02-17,20.294,498.0079,477.71389999999997
2023-02-20,60.032799999999995,540.5924,480.5596
2023-02-21,18.5403,469.45480000000003,450.9145
2023-02-22,-47.342299999999994,362.41470000000004,409.75699999999995
2023-02-23,-21.503,388.4878,409.99080000000004
2023-02-24,-50.971000000000004,349.1422,400.1132
2023-02-27,-19.188299999999998,377.0108,396.19910000000004
2023-02-28,-13.0403,473.381,486.4213
2023-03-01,70.1031,464.1527,394.0496
2023-03-02,7.65489999999998,412.58160000000004,404.9267
2023-03-03,20.6633,413.8556,393.19230000000005
2023-03-06,0.75799999999999,493.4997,492.7417
2023-03-07,-1.87790000000001,481.1571,483.035
2023-03-08,-10.1427,379.5249,389.6676
2023-03-09,-41.7604,387.7467,429.5071
2023-03-10,-52.9583,405.0352,457.9935
2023-03-13,27.701900000000002,468.79690000000005,441.095
2023-03-14,7.547200000000011,535.8425,528.2953
2023-03-15,32.861399999999996,478.60650000000004,445.74510000000004
2023-03-16,7.87360000000004,504.3288,496.4552
2023-03-17,71.8259,718.8091000000001,646.9832
2023-03-20,16.0245,616.1479,600.1234
2023-03-21,42.95140000000001,538.5389,495.5875
2023-03-22,4.78599999999999,514.4864,509.7004
2023-03-23,48.083,558.3411,510.25809999999996
2023-03-24,-2.34170000000002,580.4852999999999,582.827
2023-03-27,-6.941400000000031,597.2918,604.2332
2023-03-28,3.5446999999999798,563.8717,560.327
2023-03-29,43.2294,583.8157,540.5862999999999
2023-03-30,48.071099999999994,593.0509999999999,544.9798999999999
2023-03-31,16.7436,612.8262,596.0826000000001
2023-04-03,5.78650000000001,684.3386999999999,678.5522
2023-04-04,-36.5078000000001,668.9353,705.4431
2023-04-11,26.2639999999999,796.1085,769.8444999999999
2023-04-12,-42.081199999999995,632.2844,674.3656
2023-04-13,-0.86880000000001,650.5951,651.4639
2023-04-14,64.2429,691.1301,626.8872
2023-04-17,19.1803,681.1382000000001,661.9578999999999
2023-04-18,22.6448,655.5502,632.9054
2023-04-19,-9.157099999999959,607.9263,617.0834
2023-04-20,46.9084,647.7815,600.8731
2023-04-21,-76.1925,712.7866,788.9791
2023-04-24,-38.2772,687.9453,726.2225
2023-04-25,-49.172200000000004,727.544,776.7162
2023-04-26,7.51300000000003,764.4558000000001,756.9428
2023-04-27,-1.6644999999999701,708.9055000000001,710.57
2023-04-28,15.853800000000001,746.9531,731.0993
2023-05-04,-14.3897,771.1374000000001,785.5271
2023-05-05,6.33200000000004,687.5672,681.2352000000001
2023-05-08,20.4939999999999,680.4696,659.9756
2023-05-09,9.83459999999999,752.6093,742.7747
2023-05-10,55.713699999999996,674.1444,618.4307
2023-05-11,0.29369999999998997,550.4944,550.2007
2023-05-12,13.260399999999999,551.9651,538.7047
2023-05-15,40.8483,616.5705,575.7222
2023-05-16,-34.0079,520.0175,554.0254
2023-05-17,16.8657,494.5233,477.6576
2023-05-18,-18.3592,499.8893,518.2485
2023-05-19,-22.2557,513.1404,535.3961
2023-05-22,41.3191,509.82849999999996,468.5094
2023-05-23,-79.7615,413.9248,493.68629999999996
2023-05-24,-44.8228,451.82300000000004,496.6458
2023-05-25,-95.6153,446.2785,541.8937999999999
2023-05-29,14.368699999999999,586.9111,572.5423999999999
2023-05-30,6.49480000000003,590.3634999999999,583.8687
2023-05-31,-37.981,759.0538,797.0347999999999
2023-06-01,-18.0156,565.2666,583.2822
2023-06-02,85.344,593.6501999999999,508.30620000000005
2023-06-05,-12.1482,479.94419999999997,492.0924
2023-06-06,-10.7745,562.5739,573.3484
2023-06-07,25.1099000000001,506.9821,481.8722
2023-06-08,29.515,537.9243,508.40930000000003
2023-06-09,-14.4091,710.9162,725.3253
2023-06-12,-29.296100000000003,553.2545,582.5506
2023-06-13,-2.31470000000001,494.4027,496.7174
2023-06-14,-21.9439,536.8695,558.8134
2023-06-15,92.0092,650.8372,558.828
2023-06-16,105.45540000000001,689.3695,583.9141000000001
2023-06-19,-14.4652,565.9851,580.4503
2023-06-20,17.4191,578.1391,560.72
2023-06-21,-6.41240000000002,594.8611,601.2735
2023-06-26,21.1721,707.3647,686.1926
2023-06-27,-25.961199999999998,570.4259,596.3871
2023-06-28,-40.716300000000004,562.7096,603.4259
2023-06-29,-76.0604,489.62300000000005,565.6834
2023-06-30,36.7525,601.2491,564.4966000000001
2023-07-03,26.8537999999999,637.0133000000001,610.1595
2023-07-04,-19.4951,526.6991,546.1942
2023-07-05,-40.350300000000004,495.3136,535.6639
2023-07-06,-13.4395,511.1712,524.6107
2023-07-07,-45.17229999999999,499.5423,544.7146
2023-07-10,12.302999999999999,515.1983,502.89529999999996
2023-07-11,34.8909,491.3473,456.4564
2023-07-12,4.94560000000001,555.6188999999999,550.6733
2023-07-13,135.8464,649.535,513.6886
2023-07-14,10.4519,583.346,572.8941
2023-07-18,-87.6516,497.7442,585.3958
2023-07-19,-49.3151,429.76410000000004,479.07919999999996
2023-07-20,3.46650000000001,518.832,515.3655
2023-07-21,58.250699999999995,513.2921,455.0414
2023-07-24,-51.4256000000001,409.91720000000004,461.3428
2023-07-25,189.8341,771.9185000000001,582.0844000000001
2023-07-26,5.15130000000001,497.2528,492.1015
2023-07-27,37.4709,513.717,476.2461
2023-07-28,164.0298,694.2032,530.1734
2023-07-31,93.46770000000001,786.8168,693.3491
2023-08-01,48.5429,634.1305,585.5876000000001
2023-08-02,-50.192,493.1344,543.3264
2023-08-03,5.43369999999999,532.0521,526.6184
2023-08-04,27.4204,672.0884,644.668
2023-08-07,-24.9765,506.6336,531.6101
2023-08-08,-68.1455,462.856,531.0015
2023-08-09,-13.318800000000001,422.2056,435.5244
2023-08-10,-25.9863,403.4218,429.4081
2023-08-11,-123.375,415.716,539.091
2023-08-14,-46.6321,479.358,525.9901
2023-08-15,-97.7342,414.32300000000004,512.0572
2023-08-16,-46.3917,408.62089999999995,455.0126
2023-08-17,-15.1854,457.6712,472.8566
2023-08-18,-85.21889999999999,434.46410000000003,519.683
2023-08-21,-64.1232,460.26050000000004,524.3837
2023-08-22,-63.7805,540.1092,603.8897000000001
2023-08-23,-104.61309999999999,400.3473,504.9604
2023-08-24,32.3343,538.6347000000001,506.3004
2023-08-25,-24.0129,495.44370000000004,519.4566
2023-08-28,-82.4724,815.6631,898.1355
2023-08-29,-6.8043,733.0158,739.8200999999999
2023-08-30,-24.6302000000001,659.5,684.1302000000001
2023-08-31,-42.9638,648.5099,691.4737
2023-09-04,68.8429,661.5642,592.7212999999999
2023-09-05,-46.0912,464.33889999999997,510.43010000000004
2023-09-06,0.40790000000005,466.9691,466.56120000000004
2023-09-07,-70.723,431.0916,501.8146
2023-09-11,22.4391,615.8566999999999,593.4176
2023-09-12,-19.7953,428.54940000000005,448.3447
2023-09-13,-65.9195,416.4461,482.3656
2023-09-14,-64.18220000000001,433.7694,497.95160000000004
2023-09-15,-24.601,651.0251999999999,675.6261999999999
2023-09-18,28.291700000000002,497.5657,469.274
2023-09-19,-24.2287000000001,473.1354,497.3641
2023-09-20,-35.3979,361.45730000000003,396.85519999999997
2023-09-21,-43.3006,448.98220000000003,492.2828
2023-09-22,74.9289,603.0811,528.1522
2023-09-25,-80.39359999999999,503.9285,584.3221
2023-09-26,-62.958999999999996,398.1608,461.11980000000005
2023-09-27,18.0322,519.2158000000001,501.1836
2023-09-28,-49.9512,471.1078,521.059
2023-10-09,-74.6023,207.39759999999998,281.9999
2023-10-10,-54.712700000000005,495.6527,550.3654
2023-10-11,-3.8996000000000297,588.8905,592.7901
2023-10-12,66.1575,612.5527,546.3951999999999
2023-10-13,-64.3854,481.566,545.9514
2023-10-16,-64.76939999999999,488.86660000000006,553.636
2023-10-17,-30.575,469.0902,499.66519999999997
2023-10-18,-11.6064,505.76019999999994,517.3666000000001
2023-10-19,-117.04270000000001,490.1653,607.2080000000001
2023-10-20,-16.4622,533.5625,550.0247
2023-10-24,-50.4557,585.6854,636.1411
2023-10-25,-12.952,602.9214,615.8734
2023-10-26,12.2675,572.9488,560.6813
2023-10-27,46.680299999999995,695.0086,648.3283
2023-10-30,-23.976100000000002,650.0157,673.9917999999999
2023-10-31,-47.5339,633.7678,681.3017
2023-11-01,-20.8225,529.8229,550.6454
2023-11-02,26.8174,505.3487,478.5313
2023-11-03,71.08279999999999,591.4204,520.3376000000001
2023-11-06,52.73,665.2807,612.5507
2023-11-07,-45.875699999999995,548.2369,594.1126
2023-11-08,-37.1,577.5345,614.6345
2023-11-09,-0.63360000000004,571.5539,572.1875
2023-11-10,-48.6412,471.9606,520.6018
2023-11-13,-14.4279,492.79589999999996,507.2238
2023-11-14,-21.0929,515.5341000000001,536.627
2023-11-15,36.2565,590.1116999999999,553.8552
2023-11-16,-21.9041,471.955,493.8591
2023-11-17,-28.5887,475.43940000000003,504.0281
2023-11-20,13.729700000000001,517.9843,504.2546
2023-11-21,1.42279999999999,589.434,588.0112
2023-11-22,-35.3855,479.4275,514.813
2023-11-23,50.5798,505.99410000000006,455.4143
2023-11-24,-61.959799999999994,456.5079,518.4676999999999
2023-11-27,3.3402,573.5585,570.2183
2023-11-28,28.3446,545.7001,517.3555
2023-11-29,-50.8,483.978,534.778
2023-11-30,85.1631,690.4366,605.2735
2023-12-01,-49.9727,576.5472,626.5199
2023-12-04,-14.408299999999999,550.915,565.3233
2023-12-05,-75.2067,528.7755000000001,603.9822
2023-12-06,23.417600000000004,567.2674,543.8498000000001
2023-12-07,3.73159999999996,555.424,551.6924
2023-12-08,4.59960000000006,788.0202,783.4205999999999
2023-12-11,-32.592600000000004,626.4574,659.05
2023-12-12,-50.2393,464.491,514.7302999999999
2023-12-13,-95.8981,445.44660000000005,541.3447
2023-12-14,34.6276,505.25769999999994,470.6301
2023-12-15,-41.65560000000001,554.9734,596.629
2023-12-18,27.269899999999996,487.7062,460.43629999999996
2023-12-19,-21.1268,429.7515,450.8783
2023-12-20,-15.421700000000001,439.5369,454.9586
2023-12-21,12.0282,515.7909,503.7627
2023-12-22,-25.1098,464.8286,489.93839999999994
2023-12-27,56.7795,480.5794,423.7999
2023-12-28,135.5843,670.8919000000001,535.3076
2023-12-29,-5.66200000000001,489.228,494.89
2024-01-02,-52.693900000000006,441.06559999999996,493.75949999999995
2024-01-03,16.8905,484.2174,467.3269
2024-01-04,-39.3636,440.76489999999995,480.1285
2024-01-05,19.9175,528.4275,508.51
2024-01-08,-43.4653,519.7711,563.2364
2024-01-09,0.18760000000002003,509.6504,509.4628
2024-01-10,6.89650000000001,483.80989999999997,476.91339999999997
2024-01-11,42.3051,561.6708,519.3657
2024-01-12,-30.317600000000002,469.48800000000006,499.80559999999997
2024-01-15,-3.54759999999998,435.2004,438.74800000000005
2024-01-16,-41.3313,498.6395,539.9708
2024-01-17,-130.5664,475.63730000000004,606.2037
2024-01-18,-7.411200000000029,730.997,738.4082000000001
2024-01-19,-52.086099999999995,540.3252,592.4113
2024-01-22,10.4739,715.4816999999999,705.0078
2024-01-23,37.899699999999996,629.6867,591.7869999999999
2024-01-24,-5.38950000000001,675.1184,680.5079
2024-01-25,62.9353,678.5568,615.6215
2024-01-26,15.1004,649.9881,634.8877
2024-01-29,-5.923800000000011,624.5598,630.4836
2024-01-30,17.4237,612.2742,594.8505
2024-01-31,37.010999999999896,710.9913,673.9802999999999
2024-02-01,27.2634,655.7802,628.5168
2024-02-02,23.601799999999997,811.5699000000001,787.9680999999999
2024-02-05,12.11,894.2403999999999,882.1303999999999
2024-02-06,126.0458,969.8328,843.7869999999999
2024-02-07,16.8384,862.5252,845.6868
2024-02-08,5.82999999999993,871.6085,865.7785
2024-02-19,-63.7242,689.5483,753.2725
2024-02-20,-1.23109999999997,595.2079,596.439
2024-02-21,135.94899999999998,815.3197,679.3707
2024-02-22,36.8952,614.9066,578.0114
2024-02-23,-0.9243000000000001,645.2083,646.1326
2024-02-26,-13.1259,660.3752000000001,673.5011
2024-02-27,122.4823,703.6796,581.1973
2024-02-28,13.397,912.2941000000001,898.8971
2024-02-29,166.0338,967.0271,800.9933
2024-03-01,-53.3322,724.9771000000001,778.3092999999999
2024-03-04,-70.60679999999991,721.7603,792.3671
2024-03-05,15.535599999999999,812.3121000000001,796.7764999999999
2024-03-06,-14.5966,674.9626,689.5592
2024-03-07,-21.405,681.438,702.8430000000001
2024-03-08,60.0025,654.2018,594.1993
2024-03-11,102.61229999999999,756.4049,653.7926
2024-03-12,42.4407000000001,801.7903,759.3496
2024-03-13,15.666500000000001,686.7141,671.0476
2024-03-14,64.22189999999999,750.5011999999999,686.2792999999999
2024-03-15,103.2577,879.3947000000001,776.137
2024-03-18,28.250700000000002,724.7021000000001,696.4514
2024-03-19,-70.11,641.1149,711.2249
2024-03-20,55.6836,666.1503,610.4667
2024-03-21,-60.202799999999996,613.7803,673.9830999999999
2024-03-22,-31.3847,696.1572,727.5419
2024-03-25,55.7112,693.6553,637.9441
2024-03-26,47.2505,725.7859,678.5354
2024-03-27,-72.4933,610.9973,683.4906
2024-03-28,23.3455,656.8448,633.4993
2024-04-02,-16.1786,626.2701999999999,642.4488
2024-04-03,-22.749699999999997,600.6221,623.3718
2024-04-08,-30.4468,676.5491000000001,706.9959
2024-04-09,10.5503,609.6675,599.1172
2024-04-10,-41.141099999999994,565.4525,606.5936
2024-04-11,20.2153,635.6282,615.4129
2024-04-12,-73.8533000000001,584.2191,658.0724
2024-04-15,81.0842,843.1085,762.0242999999999
2024-04-16,-27.927400000000098,805.2192,833.1466
2024-04-17,-2.31529999999999,714.8098,717.1251
2024-04-18,-52.848800000000004,708.0395,760.8883000000001
2024-04-19,-64.89970000000011,642.4251,707.3248
2024-04-22,13.886400000000101,681.5806,667.6942
2024-04-23,-29.9652,615.8269,645.7921
2024-04-24,46.0568,619.4411,573.3843
2024-04-25,3.49029999999999,575.9179,572.4276
2024-04-26,224.4899,916.9202,692.4303
2024-04-29,108.92399999999999,976.9063000000001,867.9823
2024-04-30,-86.1666,762.7244999999999,848.8911
2024-05-06,93.15670000000009,988.8558,895.6991
2024-05-07,-21.399,670.1303,691.5292999999999
2024-05-08,-40.4425,599.6052999999999,640.0477999999999
2024-05-09,80.1424000000001,693.3127000000001,613.1703
2024-05-10,-63.0353,616.5217,679.557
2024-05-13,-45.90729999999999,616.7755999999999,662.6828999999999
2024-05-14,-66.70020000000001,506.9825,573.6827
2024-05-16,60.674,677.3442,616.6702
2024-05-17,139.5577,735.0596,595.5019
2024-05-20,53.325500000000005,743.188,689.8625
2024-05-21,-19.6729,547.7625,567.4354
2024-05-22,47.7598,591.0588,543.299
2024-05-23,-32.6635,578.9816000000001,611.6451000000001
2024-05-24,-40.3947,518.2851,558.6798
2024-05-27,27.4756,573.1336,545.658
2024-05-28,-50.546099999999996,495.20889999999997,545.755
2024-05-29,33.9889,539.2797,505.2908
2024-05-30,10.4526,551.7541,541.3015
2024-05-31,-77.979,653.1878,731.1668
2024-06-03,15.3938,690.9514,675.5576
2024-06-04,33.778,599.5497,565.7717
2024-06-05,-56.80479999999999,500.12489999999997,556.9297
2024-06-06,67.7323,670.1163,602.384
2024-06-07,-7.05189999999999,602.5509999999999,609.6029
2024-06-11,-74.9697,583.9826,658.9522999999999
2024-06-12,-33.3530000000001,530.4758999999999,563.8289
2024-06-13,-63.0579,557.534,620.5919
2024-06-14,-47.352799999999995,921.3952,968.748
2024-06-17,-33.0128,604.4895,637.5023
2024-06-18,-23.1191,551.9055999999999,575.0247
2024-06-19,-72.3561,460.175,532.5311
2024-06-20,-32.7037,504.8204,537.5241000000001
2024-06-21,0.03989999999991,642.3826,642.3426999999999
2024-06-24,-4.0278000000000205,600.894,604.9218
2024-06-25,-33.674,549.0607,582.7347
2024-06-26,-19.8232,473.89169999999996,493.7149
2024-06-27,-109.57530000000001,459.8699,569.4452
2024-06-28,49.484700000000004,566.1247,516.64
2024-07-02,-55.2771,527.4855,582.7626
2024-07-03,-14.0296,438.3065,452.3361
2024-07-04,-39.664899999999996,444.61879999999996,484.2837
2024-07-05,-30.4975,527.4014,557.8989
2024-07-08,-21.999200000000002,519.0601,541.0593
2024-07-09,141.1068,698.8198,557.7130000000001
2024-07-10,-17.8316,554.5216,572.3532
2024-07-11,30.4579,630.5976,600.1397000000001
2024-07-12,27.3352,568.0752,540.74
2024-07-15,-29.3952,486.44599999999997,515.8412000000001
2024-07-16,-28.7612,531.7984,560.5596
2024-07-17,-88.8032,513.7201,602.5233000000001
2024-07-18,13.5173,592.104,578.5867
2024-07-19,-59.7901,555.6807,615.4708
2024-07-22,19.7336,566.9693,547.2357
2024-07-23,-41.8305,513.004,554.8344999999999
2024-07-24,-22.7646,528.8299,551.5944999999999
2024-07-25,-65.8177,502.55879999999996,568.3765
2024-07-26,-3.48649999999998,517.9716000000001,521.4581
2024-07-29,-49.85189999999999,445.93629999999996,495.7882
2024-07-30,-24.4477,461.80019999999996,486.2479
2024-07-31,195.7996,794.9022,599.1026
2024-08-01,-57.013400000000004,548.6526,605.6659999999999
2024-08-02,-32.2973,508.76169999999996,541.059
2024-08-05,2.87950000000001,658.4514999999999,655.572
2024-08-06,-62.5051,529.038,591.5431
2024-08-07,-21.355100000000004,452.62010000000004,473.9752
2024-08-08,11.0306,484.5255,473.4949
2024-08-09,-77.6493,411.7061,489.35540000000003
2024-08-12,-7.72990000000002,394.046,401.7759
2024-08-13,-25.273899999999998,410.0797,435.35360000000003
2024-08-14,-71.6644,344.1149,415.7793
2024-08-15,122.0584,566.6319,444.57349999999997
2024-08-16,-67.7499,426.4131,494.163
2024-08-19,,,
2024-08-20,,,
2024-08-21,,,
2024-08-22,,,
2024-08-23,,,
2024-08-26,,,
2024-08-27,,,
2024-08-28,,,
2024-08-29,,,
2024-08-30,,,
2024-09-02,,,
2024-09-03,,,
2024-09-04,,,
2024-09-05,,,
2024-09-09,,,
2024-09-10,,,
2024-09-11,,,
2024-09-12,,,
2024-09-13,,,
2024-09-19,,,
2024-09-20,,,
2024-09-23,,,
2024-09-24,,,
2024-09-25,,,
2024-09-26,,,
2024-09-27,,,
2024-09-30,,,
2024-10-08,,,
2024-10-09,,,
2024-10-10,,,
2024-10-14,,,
2024-10-15,,,
2024-10-16,,,
2024-10-17,,,
2024-10-18,,,
2024-10-21,,,
2024-10-22,,,
2024-10-23,,,
2024-10-24,,,
2024-10-25,,,
2024-10-28,,,
2024-10-29,,,
2024-10-30,,,
2024-10-31,,,
2024-11-01,,,
2024-11-04,,,
2024-11-05,,,
2024-11-06,,,
2024-11-07,,,
2024-11-08,,,
2024-11-11,,,
2024-11-12,,,
2024-11-13,,,
2024-11-14,,,
2024-11-15,,,
2024-11-18,,,
2024-11-19,,,
2024-11-20,,,
2024-11-21,,,
2024-11-22,,,
2024-11-25,,,
2024-11-26,,,
2024-11-27,,,
2024-11-28,,,
2024-11-29,,,
2024-12-02,,,
2024-12-03,,,
2024-12-04,,,
2024-12-05,,,
2024-12-06,,,
2024-12-09,,,
2024-12-10,,,
2024-12-11,,,
2024-12-12,,,
2024-12-13,,,
2024-12-16,,,
2024-12-17,,,
2024-12-18,,,
2024-12-19,,,
2024-12-20,,,
2024-12-23,,,
2024-12-24,,,
2024-12-27,,,
2024-12-30,,,
2024-12-31,,,
2025-01-02,,,
2025-01-03,,,
2025-01-06,,,
2025-01-07,,,
2025-01-08,,,
2025-01-09,,,
2025-01-10,,,
2025-01-13,,,
2025-01-14,,,
2025-01-15,,,
2025-01-16,,,
2025-01-17,,,
2025-01-20,,,
2025-01-21,,,
2025-01-22,,,
2025-01-23,,,
2025-01-24,,,
2025-01-27,,,
2025-02-05,,,
2025-02-06,,,
2025-02-07,,,
2025-02-10,,,
2025-02-11,,,
2025-02-12,,,
2025-02-13,,,
2025-02-14,,,
2025-02-17,,,
2025-02-18,,,
2025-02-19,,,
2025-02-20,,,
2025-02-21,,,
2025-02-24,,,
2025-02-25,,,
2025-02-26,,,
2025-02-27,,,
2025-02-28,,,
2025-03-03,,,
2025-03-04,,,
2025-03-05,,,
2025-03-06,,,
2025-03-07,,,
2025-03-10,,,
2025-03-11,,,
2025-03-12,,,
2025-03-13,,,
2025-03-14,,,
2025-03-17,,,
2025-03-18,,,
2025-03-19,,,
2025-03-20,,,
2025-03-21,,,
2025-03-24,,,
2025-03-25,,,
2025-03-26,,,
2025-03-27,,,
2025-03-28,,,
2025-03-31,,,
2025-04-01,,,
2025-04-02,,,
2025-04-03,,,
2025-04-07,,,
2025-04-08,,,
2025-04-09,,,
2025-04-10,,,
2025-04-11,,,
2025-04-14,,,
2025-04-15,,,
2025-04-16,,,
2025-04-17,,,
2025-04-22,,,
2025-04-23,,,
2025-04-24,,,
2025-04-25,,,
2025-04-28,,,
2025-04-29,,,
2025-04-30,,,
2025-05-06,,,
2025-05-07,,,
2025-05-08,,,
2025-05-09,,,
2025-05-12,,,
2025-05-13,,,
2025-05-14,,,
2025-05-15,,,
2025-05-16,,,
2025-05-19,,,
2025-05-20,,,
2025-05-21,,,
2025-05-22,,,
2025-05-23,,,
2025-05-26,,,
2025-05-27,,,
2025-05-28,,,
2025-05-29,,,
2025-05-30,,,
2025-06-03,,,
2025-06-04,,,
2025-06-05,,,
2025-06-06,,,
2025-06-09,,,
2025-06-10,,,
2025-06-11,,,
2025-06-12,,,
2025-06-13,,,
2025-06-16,,,
2025-06-17,,,
2025-06-18,,,
2025-06-19,,,
2025-06-20,,,
2025-06-23,,,
2025-06-24,,,
2025-06-25,,,
2025-06-26,,,
2025-06-27,,,
2025-06-30,,,
2025-07-02,,,
2025-07-03,,,
2025-07-04,,,
2025-07-07,,,
2025-07-08,,,
2025-07-09,,,
2025-07-10,,,
2025-07-11,,,
2025-07-14,,,
2025-07-15,,,
2025-07-16,,,
2025-07-17,,,
2025-07-18,,,
2025-07-21,,,
2025-07-22,,,
2025-07-23,,,
2025-07-24,,,
2025-07-25,,,
2025-07-28,,,
2025-07-29,,,
2025-07-30,,,
2025-07-31,,,
2025-08-01,,,
2025-08-04,,,
2025-08-05,,,
2025-08-06,,,
2025-08-07,,,
2025-08-08,,,
2025-08-11,,,
2025-08-12,,,
2025-08-13,,,
2025-08-14,,,
2025-08-15,,,
2025-08-18,,,
2025-08-19,,,
2025-08-20,,,
2025-08-21,,,
2025-08-22,,,
2025-08-25,,,
2025-08-26,,,
2025-08-27,,,
2025-08-28,,,
2025-08-29,,,
2025-09-01,,,
2025-09-02,,,
2025-09-03,,,
2025-09-04,,,
2025-09-05,,,
2025-09-08,,,
2025-09-09,,,
2025-09-10,,,
2025-09-11,,,
2025-09-12,,,
2025-09-15,,,
2025-09-16,,,
2025-09-17,,,
2025-09-18,,,
2025-09-19,,,
2025-09-22,,,
2025-09-23,,,
2025-09-24,,,
2025-09-25,,,
2025-09-26,,,
2025-09-29,,,
2025-09-30,,,
2025-10-09,,,
2025-10-10,,,
2025-10-13,,,
2025-10-14,,,
2025-10-15,,,
2025-10-16,,,
2025-10-17,,,
2025-10-20,,,
2025-10-21,,,
2025-10-22,,,
2025-10-23,,,
2025-10-24,,,
2025-10-27,,,
2025-10-28,,,
2025-10-30,,,
2025-10-31,,,
2025-11-03,,,
2025-11-04,,,
2025-11-05,,,
2025-11-06,,,
2025-11-07,,,
2025-11-10,,,
2025-11-11,,,
2025-11-12,,,
2025-11-13,,,
2025-11-14,,,
2025-11-17,,,
2025-11-18,,,
2025-11-19,,,
2025-11-20,,,
2025-11-21,,,
2025-11-24,,,
2025-11-25,,,
2025-11-26,,,
2025-11-27,,,
2025-11-28,,,
2025-12-01,,,
2025-12-02,,,
2025-12-03,,,
2025-12-04,,,
2025-12-05,,,
2025-12-08,,,
2025-12-09,,,
2025-12-10,,,
2025-12-11,,,
2025-12-12,,,
2025-12-15,,,
2025-12-16,,,
2025-12-17,,,
2025-12-18,,,
2025-12-19,,,
2025-12-22,,,
2025-12-23,,,
2025-12-24,,,
2025-12-29,,,
2025-12-30,,,
2025-12-31,,,
2026-01-05,,,
2026-01-06,,,
2026-01-07,,,
2026-01-08,,,
2026-01-09,,,
2026-01-12,,,
2026-01-13,,,
2026-01-14,,,
2026-01-15,,,
2026-01-16,,,
2026-01-19,,,
2026-01-20,,,
2026-01-21,,,
2026-01-22,,,
2026-01-23,,,
2026-01-26,,,
2026-01-27,,,
2026-01-28,,,
2026-01-29,,,
2026-01-30,,,
2026-02-02,,,
2026-02-03,,,
2026-02-04,,,
2026-02-05,,,
2026-02-06,,,
2026-02-09,,,
2026-02-10,,,
2026-02-11,,,
2026-02-12,,,
2026-02-13,,,
2026-02-24,,,
2026-02-25,,,
2026-02-26,,,
2026-02-27,,,
2026-03-02,,,
2026-03-03,,,
2026-03-04,,,
2026-03-05,,,
2026-03-06,,,
2026-03-09,,,
2026-03-10,,,
2026-03-11,,,
2026-03-12,,,
2026-03-13,,,
2026-03-16,,,
2026-03-17,,,
2026-03-18,,,
2026-03-19,,,
2026-03-20,,,
2026-03-23,,,
2026-03-24,,,
2026-03-25,,,
2026-03-26,,,
2026-03-27,,,
2026-03-30,,,
2026-03-31,,,
2026-04-01,,,
2026-04-02,,,
2026-04-08,,,
2026-04-09,,,
2026-04-10,,,
2026-04-13,,,
2026-04-14,,,
2026-04-15,,,
2026-04-16,,,
2026-04-17,,,
2026-04-20,,,
2026-04-21,,,
2026-04-22,,,
2026-04-23,,,
2026-04-24,,,
2026-04-27,,,
2026-04-28,,,
2026-04-29,,,
2026-04-30,,,
